time,open,high,low,close
2017-05-01,20927,20990,20896,20935
2017-05-02,20933,20960,20903,20924
2017-05-03,20919,20971,20870,20936
2017-05-04,20930,21011,20839,20937
2017-05-05,20940,21034,20875,21028
2017-05-08,21056,21058,20956,20994
2017-05-09,20998,21041,20935,20946
2017-05-10,20910,20975,20883,20927
2017-05-11,20922,20929,20796,20903
2017-05-12,20884,20916,20863,20886
2017-05-15,20941,21000,20904,20984
2017-05-16,20968,21031,20931,20975
2017-05-17,20843,20882,20602,20608
2017-05-18,20664,20759,20496,20663
2017-05-19,20664,20857,20651,20814
2017-05-22,20847,20914,20788,20908
2017-05-23,20877,20963,20874,20935
2017-05-24,20942,21020,20927,21014
2017-05-25,21094,21113,21050,21080
2017-05-26,21072,21093,21039,21087
2017-05-29,21096,21110,21086,21096
2017-05-30,21057,21077,21007,21031
2017-05-31,21043,21068,20938,21039
2017-06-01,21011,21145,20991,21135
2017-06-02,21198,21232,21131,21205
2017-06-05,21203,21227,21170,21195
2017-06-06,21159,21186,21125,21156
2017-06-07,21160,21198,21118,21178
2017-06-08,21194,21277,21146,21206
2017-06-09,21201,21321,21172,21262
2017-06-12,21251,21289,21204,21252
2017-06-13,21276,21352,21260,21348
2017-06-14,21339,21408,21308,21387
2017-06-15,21350,21384,21274,21372
2017-06-16,21406,21422,21320,21414
2017-06-19,21444,21535,21443,21523
2017-06-20,21534,21545,21474,21489
2017-06-21,21487,21509,21400,21422
2017-06-22,21432,21467,21402,21408
2017-06-23,21425,21437,21344,21377
2017-06-26,21440,21520,21393,21436
2017-06-27,21410,21456,21332,21336
2017-06-28,21356,21501,21320,21497
2017-06-29,21506,21517,21205,21332
2017-06-30,21326,21435,21299,21387
2017-07-03,21408,21575,21405,21517
2017-07-04,21477,21540,21471,21499
2017-07-05,20966,21524,20966,21491
2017-07-06,21472,21478,21022,21343
2017-07-07,21352,21435,21322,21423
2017-07-10,21448,21457,21376,21419
2017-07-11,21442,21455,21287,21441
2017-07-12,21434,21594,21429,21553
2017-07-13,21557,21583,21523,21577
2017-07-14,21572,21693,21535,21669
2017-07-17,21669,21687,21626,21653
2017-07-18,21643,21670,21478,21581
2017-07-19,21584,21664,21566,21647
2017-07-20,21651,21686,21586,21642
2017-07-21,21638,21652,21514,21582
2017-07-24,21573,21596,21509,21559
2017-07-25,21552,21704,21552,21631
2017-07-26,21629,21754,21628,21705
2017-07-27,21733,21808,21697,21803
2017-07-28,21788,21848,21757,21838
2017-07-31,21847,21933,21845,21905
2017-08-01,22008,22026,21951,21972
2017-08-02,22014,22047,21978,22022
2017-08-03,22012,22054,21994,22037
2017-08-04,22055,22113,22038,22095
2017-08-07,22133,22139,22098,22134
2017-08-08,22118,22196,22074,22103
2017-08-09,22074,22079,22016,22068
2017-08-10,22048,22048,21866,21871
2017-08-11,21886,21930,21836,21879
2017-08-14,21968,22037,21960,22006
2017-08-15,22056,22066,21989,22024
2017-08-16,22042,22104,22021,22043
2017-08-17,22037,22057,21773,21775
2017-08-18,21763,21812,21662,21697
2017-08-21,21698,21740,21621,21727
2017-08-22,21807,21931,21752,21917
2017-08-23,21901,21911,21821,21834
2017-08-24,21849,21899,21782,21803
2017-08-25,21825,21925,21788,21836
2017-08-28,21791,21894,21784,21824
2017-08-29,21724,21897,21665,21883
2017-08-30,21956,21956,21846,21905
2017-08-31,21918,22000,21911,21965
2017-09-01,22002,22052,21989,22000
2017-09-04,21923,21964,21921,21951
2017-09-05,21956,21967,21723,21773
2017-09-06,21785,21864,21766,21829
2017-09-07,21793,21865,21758,21803
2017-09-08,21754,21863,21730,21813
2017-09-11,21941,22083,21932,22070
2017-09-12,22085,22154,22077,22137
2017-09-13,22152,22174,22109,22172
2017-09-14,22165,22230,22128,22220
2017-09-15,22199,22286,22181,22279
2017-09-18,22284,22369,22279,22347
2017-09-19,22356,22399,22351,22390
2017-09-20,22382,22430,22331,22428
2017-09-21,22431,22445,22375,22382
2017-09-22,22385,22390,22315,22362
2017-09-25,22359,22397,22232,22314
2017-09-26,22336,22383,22294,22303
2017-09-27,22307,22384,22267,22350
2017-09-28,22337,22404,22296,22385
2017-09-29,22376,22411,22341,22403
2017-10-02,22409,22558,22408,22557
2017-10-03,22571,22650,22561,22647
2017-10-04,22667,22691,22641,22665
2017-10-05,22655,22779,22651,22778
2017-10-06,22782,22790,22732,22769
2017-10-09,22755,22804,22740,22760
2017-10-10,22762,22853,22761,22836
2017-10-11,22835,22872,22811,22870
2017-10-12,22867,22887,22824,22845
2017-10-13,22845,22907,22834,22883
2017-10-16,22898,22965,22892,22957
2017-10-17,22953,23007,22945,22998
2017-10-18,23014,23182,23014,23165
2017-10-19,23169,23182,23010,23173
2017-10-20,23175,23335,23161,23332
2017-10-23,23347,23379,23285,23292
2017-10-24,23292,23497,23290,23455
2017-10-25,23450,23476,23264,23344
2017-10-26,23368,23466,23351,23412
2017-10-27,23413,23470,23360,23440
2017-10-30,23431,23452,23341,23361
2017-10-31,23350,23419,23335,23392
2017-11-01,23409,23531,23389,23445
2017-11-02,23432,23539,23356,23519
2017-11-03,23521,23564,23484,23540
2017-11-06,23528,23580,23480,23556
2017-11-07,23569,23630,23487,23559
2017-11-08,23525,23583,23508,23567
2017-11-09,23556,23589,23313,23467
2017-11-10,23457,23492,23383,23431
2017-11-13,23447,23478,23336,23453
2017-11-14,23445,23472,23278,23417
2017-11-15,23404,23404,23251,23286
2017-11-16,23295,23499,23279,23464
2017-11-17,23450,23476,23361,23364
2017-11-20,23363,23464,23278,23439
2017-11-21,23430,23625,23415,23597
2017-11-22,23581,23632,23510,23533
2017-11-23,23525,23542,23465,23532
2017-11-24,23520,23605,23513,23551
2017-11-27,23566,23649,23506,23591
2017-11-28,23588,23862,23557,23848
2017-11-29,23826,23972,23815,23953
2017-11-30,23931,24343,23905,24276
2017-12-01,24260,24340,23938,24245
2017-12-04,24444,24554,24305,24308
2017-12-05,24321,24407,24175,24200
2017-12-06,24222,24253,24106,24171
2017-12-07,24180,24284,24094,24232
2017-12-08,24258,24346,24230,24346
2017-12-11,24363,24416,24341,24412
2017-12-12,24442,24580,24421,24536
2017-12-13,24548,24693,24491,24623
2017-12-14,24651,24704,24539,24546
2017-12-15,24545,24711,24544,24663
2017-12-18,24729,24903,24715,24828
2017-12-19,24836,24900,24739,24783
2017-12-20,24783,24889,24716,24752
2017-12-21,24760,24870,24725,24805
2017-12-22,24804,24856,24742,24788
2017-12-27,24805,24838,24782,24812
2017-12-28,24816,24861,24806,24837
2017-12-29,24837,24907,24746,24763
2018-01-02,24796,24885,24743,24825
2018-01-03,24805,24937,24796,24916
2018-01-04,24913,25106,24902,25073
2018-01-05,25089,25296,25086,25285
2018-01-08,25369,25383,25240,25282
2018-01-09,25284,25438,25264,25396
2018-01-10,25388,25410,25249,25376
2018-01-11,25375,25577,25358,25573
2018-01-12,25579,25812,25560,25803
2018-01-15,25917,26008,25899,25967
2018-01-16,25995,26094,25715,25815
2018-01-17,25831,26154,25826,26139
2018-01-18,26127,26178,25962,26045
2018-01-19,26001,26097,25903,26093
2018-01-22,26021,26242,26000,26239
2018-01-23,26236,26349,26169,26238
2018-01-24,26239,26420,26123,26295
2018-01-25,26276,26473,26245,26408
2018-01-26,26435,26631,26418,26629
2018-01-29,26659,26727,26460,26464
2018-01-30,26488,26521,26051,26102
2018-01-31,26093,26357,26070,26182
2018-02-01,26233,26325,25965,26202
2018-02-02,26249,26261,25501,25515
2018-02-05,25341,25524,23748,24319
2018-02-06,24135,24936,23127,24906
2018-02-07,24895,25288,24552,24887
2018-02-08,24708,24956,23841,23850
2018-02-09,24037,24381,23357,24192
2018-02-12,24295,24770,24255,24603
2018-02-13,24604,24716,24410,24650
2018-02-14,24658,24936,24313,24907
2018-02-15,24848,25208,24807,25208
2018-02-16,25235,25442,25128,25226
2018-02-19,25295,25361,25075,25194
2018-02-20,25235,25242,24887,24967
2018-02-21,24964,25281,24799,24800
2018-02-22,24768,25169,24601,24968
2018-02-23,25059,25327,25026,25323
2018-02-26,25407,25752,25328,25727
2018-02-27,25792,25839,25430,25431
2018-02-28,25466,25598,25043,25051
2018-03-01,25117,25211,24450,24615
2018-03-02,24660,24688,24225,24541
2018-03-05,24492,24977,24335,24895
2018-03-06,24914,25076,24721,24900
2018-03-07,24588,24872,24430,24820
2018-03-08,24800,24970,24720,24919
2018-03-09,24906,25360,24854,25354
2018-03-12,25380,25528,25175,25208
2018-03-13,25215,25404,24964,25023
2018-03-14,24976,25168,24683,24776
2018-03-15,24800,25069,24692,24890
2018-03-16,24940,25048,24846,24944
2018-03-19,24943,24964,24464,24623
2018-03-20,24655,24823,24618,24751
2018-03-21,24789,25007,24675,24708
2018-03-22,24751,24815,23946,23978
2018-03-23,23979,24123,23516,23540
2018-03-26,23626,24246,23584,24212
2018-03-27,24233,24461,23714,23869
2018-03-28,23855,24101,23733,23856
2018-03-29,23922,24316,23819,24160
2018-04-02,24130,24176,23337,23632
2018-04-03,23649,24046,23577,24025
2018-04-04,24018,24315,23395,24259
2018-04-05,24286,24629,24264,24505
2018-04-06,24512,24531,23736,23929
2018-04-09,24029,24386,23961,23993
2018-04-10,24022,24522,23982,24416
2018-04-11,24388,24399,24100,24203
2018-04-12,24224,24601,24179,24491
2018-04-13,24468,24668,24247,24366
2018-04-16,24565,24690,24425,24591
2018-04-17,24612,24874,24594,24799
2018-04-18,24758,24860,24733,24763
2018-04-19,24795,24828,24563,24675
2018-04-20,24680,24710,24383,24475
2018-04-23,24571,24572,24341,24460
2018-04-24,24479,24651,23838,24034
2018-04-25,24045,24159,23855,24097
2018-04-26,24170,24416,24066,24335
2018-04-27,24364,24370,24203,24320
2018-04-30,24392,24514,24179,24183
2018-05-01,24170,24242,23808,24095
2018-05-02,24146,24193,23891,23930
2018-05-03,23889,23997,23526,23928
2018-05-04,23978,24336,23777,24263
2018-05-07,24332,24484,24264,24358
2018-05-08,24336,24416,24192,24360
2018-05-09,24359,24592,24317,24545
2018-05-10,24547,24798,24504,24734
2018-05-11,24720,24873,24706,24834
2018-05-14,24906,24998,24865,24909
2018-05-15,24912,24924,24633,24715
2018-05-16,24696,24807,24643,24774
2018-05-17,24749,24844,24638,24720
2018-05-18,24705,24812,24667,24725
2018-05-21,24949,25095,24907,25018
2018-05-22,25007,25084,24822,24848
2018-05-23,24858,24899,24647,24894
2018-05-24,24881,24888,24606,24814
2018-05-25,24829,24921,24692,24753
2018-05-28,24831,24860,24726,24792
2018-05-29,24802,24809,24255,24371
2018-05-30,24396,24728,24337,24685
2018-05-31,24648,24719,24357,24430
2018-06-01,24447,24689,24431,24638
2018-06-04,24636,24877,24599,24822
2018-06-05,24811,24874,24724,24816
2018-06-06,24840,25158,24828,25154
2018-06-07,25163,25337,25131,25243
2018-06-08,25265,25341,25087,25324
2018-06-11,25280,25418,25266,25342
2018-06-12,25340,25407,25261,25339
2018-06-13,25336,25383,25212,25227
2018-06-14,25214,25352,25148,25201
2018-06-15,25185,25199,24902,25099
2018-06-18,25109,25147,24838,25001
2018-06-19,25001,25017,24570,24705
2018-06-20,24714,24859,24630,24664
2018-06-21,24679,24795,24403,24467
2018-06-22,24449,24664,24445,24580
2018-06-25,24571,24618,24081,24249
2018-06-26,24283,24381,24223,24282
2018-06-27,24307,24572,24086,24120
2018-06-28,24136,24304,23989,24214
2018-06-29,24277,24508,24219,24270
2018-07-02,24307,24340,24041,24302
2018-07-03,24295,24461,24147,24179
2018-07-04,24197,24271,24164,24222
2018-07-05,24200,24375,24129,24352
2018-07-06,24317,24515,24249,24450
2018-07-09,24491,24798,24480,24777
2018-07-10,24787,24947,24777,24919
2018-07-11,24791,24814,24621,24703
2018-07-12,24722,24940,24690,24924
2018-07-13,24913,25044,24882,25015
2018-07-16,25063,25108,24980,25067
2018-07-17,25053,25159,24991,25123
2018-07-18,25140,25217,25101,25199
2018-07-19,25178,25219,25044,25068
2018-07-20,25070,25122,24922,25053
2018-07-23,25094,25096,24970,25040
2018-07-24,25046,25287,25039,25235
2018-07-25,25218,25433,25108,25413
2018-07-26,25482,25587,25411,25535
2018-07-27,25524,25591,25366,25447
2018-07-30,25444,25499,25311,25371
2018-07-31,25332,25490,25297,25420
2018-08-01,25488,25490,25277,25332
2018-08-02,25346,25357,25115,25325
2018-08-03,25345,25465,25288,25451
2018-08-06,25470,25540,25377,25498
2018-08-07,25499,25693,25493,25627
2018-08-08,25635,25667,25555,25583
2018-08-09,25527,25613,25488,25508
2018-08-10,25475,25493,25218,25317
2018-08-13,25312,25380,25152,25194
2018-08-14,25234,25344,25203,25298
2018-08-15,25320,25326,24964,25168
2018-08-16,25196,25605,25144,25558
2018-08-17,25565,25728,25503,25665
2018-08-20,25705,25792,25663,25758
2018-08-21,25744,25889,25725,25822
2018-08-22,25743,25841,25681,25739
2018-08-23,25733,25764,25605,25657
2018-08-24,25669,25827,25652,25786
2018-08-27,25804,26077,25804,26053
2018-08-28,26087,26155,26043,26076
2018-08-29,26080,26174,26039,26131
2018-08-30,26146,26156,25934,25998
2018-08-31,25959,26031,25878,25961
2018-09-03,26005,26066,25947,26008
2018-09-04,26010,26059,25805,25958
2018-09-05,25975,26017,25832,25976
2018-09-06,25956,26087,25881,26001
2018-09-07,25991,26021,25816,25926
2018-09-10,25938,26051,25862,25886
2018-09-11,25890,26026,25755,25996
2018-09-12,26007,26156,25932,25994
2018-09-13,25983,26195,25972,26149
2018-09-14,26139,26227,26071,26149
2018-09-17,26132,26202,26046,26079
2018-09-18,26082,26340,25972,26296
2018-09-19,26305,26487,26248,26456
2018-09-20,26457,26729,26441,26724
2018-09-21,26713,26806,26699,26733
2018-09-24,26691,26731,26568,26611
2018-09-25,26612,26698,26495,26519
2018-09-26,26521,26621,26365,26411
2018-09-27,26411,26572,26353,26492
2018-09-28,26500,26532,26345,26499
2018-10-01,26551,26758,26539,26680
2018-10-02,26677,26844,26559,26828
2018-10-03,26819,26975,26784,26837
2018-10-04,26813,26831,26488,26692
2018-10-05,26686,26745,26325,26511
2018-10-08,26547,26567,26245,26549
2018-10-09,26549,26575,26353,26487
2018-10-10,26485,26538,25447,25454
2018-10-11,25494,25698,24917,25227
2018-10-12,25258,25570,25016,25375
2018-10-15,25332,25500,25140,25213
2018-10-16,25208,25837,25196,25798
2018-10-17,25783,25877,25493,25773
2018-10-18,25734,25747,25245,25422
2018-10-19,25402,25621,25361,25461
2018-10-22,25397,25596,25252,25335
2018-10-23,25323,25343,24785,25278
2018-10-24,25281,25372,24545,24752
2018-10-25,24710,25114,24607,24867
2018-10-26,24806,24922,24452,24727
2018-10-29,24773,25047,24126,24429
2018-10-30,24423,24939,24372,24929
2018-10-31,24909,25346,24867,25093
2018-11-01,25106,25401,25104,25335
2018-11-02,25261,25726,25080,25266
2018-11-05,25254,25513,25177,25493
2018-11-06,25474,25705,25411,25681
2018-11-07,25669,26246,25582,26232
2018-11-08,26191,26285,26087,26200
2018-11-09,26178,26250,25884,25984
2018-11-12,25993,26114,25352,25413
2018-11-13,25424,25587,25202,25356
2018-11-14,25369,25513,24951,25105
2018-11-15,25067,25371,24806,25352
2018-11-16,25326,25525,25118,25470
2018-11-19,25394,25519,24919,25067
2018-11-20,25059,25073,24384,24450
2018-11-21,24450,24686,24406,24498
2018-11-22,24507,24567,24317,24353
2018-11-23,24402,24457,24275,24284
2018-11-26,24311,24693,24310,24531
2018-11-27,24546,24811,24432,24801
2018-11-28,24805,25393,24750,25358
2018-11-29,25324,25497,25220,25385
2018-11-30,25361,25565,25221,25538
2018-12-03,25925,26091,25689,25834
2018-12-04,25822,25833,25003,25043
2018-12-05,25030,25196,25015,25140
2018-12-06,24827,24981,24261,24924
2018-12-07,24923,25112,24292,24385
2018-12-10,24264,24515,23892,24471
2018-12-11,24484,24822,24230,24332
2018-12-12,24383,24845,24345,24550
2018-12-13,24570,24752,24485,24581
2018-12-14,24587,24611,24041,24127
2018-12-17,24059,24224,23464,23694
2018-12-18,23721,23933,23521,23562
2018-12-19,23563,24065,23210,23293
2018-12-20,23261,23429,22643,23034
2018-12-21,23009,23243,22364,22458
2018-12-24,22317,22576,21685,21702
2018-12-27,22876,23211,22251,23107
2018-12-28,23120,23383,22968,23059
2018-12-31,23226,23368,23109,23332
2019-01-02,23329,23438,22807,23136
2019-01-03,23039,23137,22627,22707
2019-01-04,22717,23524,22583,23410
2019-01-07,23457,23695,23306,23568
2019-01-08,23567,23876,23524,23758
2019-01-09,23752,23987,23749,23864
2019-01-10,23862,24024,23664,23987
2019-01-11,23970,24019,23791,23979
2019-01-14,23926,23968,23729,23903
2019-01-15,23895,24099,23854,24023
2019-01-16,24032,24287,23988,24191
2019-01-17,24183,24473,24036,24372
2019-01-18,24364,24765,24320,24760
2019-01-21,24718,24726,24554,24638
2019-01-22,24613,24670,24241,24433
2019-01-23,24417,24696,24306,24569
2019-01-24,24557,24638,24414,24518
2019-01-25,24515,24860,24489,24756
2019-01-28,24737,24737,24317,24496
2019-01-29,24490,24676,24387,24660
2019-01-30,24691,25107,24579,25014
2019-01-31,24962,25084,24833,25073
2019-02-01,25065,25180,24971,25038
2019-02-04,25000,25241,24967,25216
2019-02-05,25214,25417,25185,25363
2019-02-06,25371,25429,25300,25357
2019-02-07,25339,25351,24986,25143
2019-02-08,25121,25125,24873,25113
2019-02-11,25132,25245,25001,25040
2019-02-12,25029,25460,25022,25429
2019-02-13,25411,25630,25407,25509
2019-02-14,25478,25617,25301,25406
2019-02-15,25398,25906,25276,25895
2019-02-18,25914,25942,25854,25910
2019-02-19,25909,25964,25796,25882
2019-02-20,25875,25988,25828,25966
2019-02-21,25960,26089,25758,25840
2019-02-22,25834,26052,25813,26049
2019-02-25,26085,26245,26046,26089
2019-02-26,26089,26161,25963,26025
2019-02-27,26007,26064,25879,26032
2019-02-28,26014,26028,25877,25926
2019-03-01,25915,26143,25895,26047
2019-03-04,26117,26176,25611,25810
2019-03-05,25797,25899,25729,25806
2019-03-06,25793,25843,25635,25676
2019-03-07,25671,25720,25352,25473
2019-03-08,25461,25529,25219,25522
2019-03-11,25465,25710,25240,25682
2019-03-12,25687,25781,25529,25602
2019-03-13,25582,25790,25474,25764
2019-03-14,25761,25797,25620,25715
2019-03-15,25713,25930,25646,25860
2019-03-18,25845,25950,25784,25933
2019-03-19,25940,26116,25818,25881
2019-03-20,25890,25944,25669,25679
2019-03-21,25690,26017,25585,25968
2019-03-22,25957,26014,25506,25514
2019-03-25,25599,25612,25360,25562
2019-03-26,25574,25807,25544,25653
2019-03-27,25638,25766,25426,25614
2019-03-28,25623,25748,25513,25735
2019-03-29,25725,25953,25714,25947
2019-04-01,26014,26283,26014,26244
2019-04-02,26230,26276,26121,26139
2019-04-03,26146,26301,26132,26243
2019-04-04,26290,26400,26187,26383
2019-04-05,26366,26500,26354,26374
2019-04-08,26372,26407,26245,26338
2019-04-09,26331,26343,26101,26142
2019-04-10,26144,26230,26103,26172
2019-04-11,26167,26228,26062,26154
2019-04-12,26154,26441,26140,26415
2019-04-15,26438,26480,26322,26392
2019-04-16,26398,26562,26384,26444
2019-04-17,26424,26519,26387,26441
2019-04-18,26438,26599,26310,26572
2019-04-22,26573,26636,26448,26514
2019-04-23,26509,26691,26466,26644
2019-04-24,26644,26698,26522,26528
2019-04-25,26539,26584,26295,26431
2019-04-26,26419,26536,26353,26498
2019-04-29,26531,26597,26495,26576
2019-04-30,26576,26669,26410,26650
2019-05-01,26656,26706,26346,26353
2019-05-02,26373,26477,26164,26290
2019-05-03,26290,26546,26262,26544
2019-05-06,26171,26477,25963,26231
2019-05-07,26255,26425,25784,26004
2019-05-08,25994,26114,25833,26025
2019-05-09,25977,25999,25509,25813
2019-05-10,25777,26011,25460,25959
2019-05-13,25780,25819,25217,25293
2019-05-14,25262,25683,25222,25582
2019-05-15,25581,25718,25329,25668
2019-05-16,25646,25944,25544,25865
2019-05-17,25873,25940,25619,25757
2019-05-20,25791,25897,25549,25714
2019-05-21,25731,25895,25708,25858
2019-05-22,25864,25907,25731,25769
2019-05-23,25769,25781,25323,25499
2019-05-24,25484,25661,25453,25599
2019-05-27,25619,25700,25585,25647
2019-05-28,25648,25720,25333,25369
2019-05-29,25351,25377,24938,25108
2019-05-30,25108,25213,25053,25182
2019-05-31,25171,25181,24778,24796
2019-06-03,24697,24934,24604,24907
2019-06-04,24914,25361,24821,25358
2019-06-05,25393,25561,25329,25552
2019-06-06,25489,25799,25428,25686
2019-06-07,25676,26072,25670,26015
2019-06-10,26183,26216,26040,26089
2019-06-11,26073,26253,26000,26057
2019-06-12,26044,26092,25954,26013
2019-06-13,26008,26149,25886,26128
2019-06-14,26098,26164,25988,26118
2019-06-17,26133,26204,26053,26141
2019-06-18,26146,26542,26067,26491
2019-06-19,26471,26580,26420,26517
2019-06-20,26514,26806,26510,26753
2019-06-21,26755,26917,26666,26669
2019-06-24,26684,26817,26683,26751
2019-06-25,26766,26829,26539,26566
2019-06-26,26566,26706,26510,26521
2019-06-27,26530,26671,26447,26561
2019-06-28,26612,26681,26530,26653
2019-07-01,26837,26911,26625,26710
2019-07-02,26709,26819,26638,26813
2019-07-03,26808,26991,26758,26981
2019-07-04,26991,27007,26948,26998
2019-07-05,26996,27011,26736,26905
2019-07-08,26922,26934,26756,26809
2019-07-09,26796,26822,26671,26798
2019-07-10,26793,26999,26703,26866
2019-07-11,26879,27109,26869,27096
2019-07-12,27096,27350,27090,27330
2019-07-15,27333,27421,27287,27361
2019-07-16,27361,27422,27304,27345
2019-07-17,27350,27404,27211,27212
2019-07-18,27195,27327,27082,27320
2019-07-19,27336,27362,27093,27103
2019-07-22,27136,27243,27106,27197
2019-07-23,27217,27388,27190,27334
2019-07-24,27339,27380,27208,27272
2019-07-25,27281,27384,27074,27119
2019-07-26,27116,27230,27105,27178
2019-07-29,27196,27296,27152,27255
2019-07-30,27260,27294,27085,27245
2019-07-31,27240,27301,26739,26829
2019-08-01,26794,27194,26555,26564
2019-08-02,26569,26708,26256,26497
2019-08-05,26449,26509,25524,25562
2019-08-06,25445,26050,25083,25971
2019-08-07,25961,26088,25444,25986
2019-08-08,25933,26397,25870,26387
2019-08-09,26313,26415,26093,26315
2019-08-12,26304,26370,25824,25903
2019-08-13,25909,26429,25773,26335
2019-08-14,26327,26372,25431,25433
2019-08-15,25415,25715,25234,25606
2019-08-16,25608,25931,25577,25916
2019-08-19,25996,26242,25991,26121
2019-08-20,26117,26204,25890,25896
2019-08-21,25897,26272,25893,26263
2019-08-22,26259,26383,26094,26216
2019-08-23,26239,26357,25501,25640
2019-08-26,25360,25989,25271,25923
2019-08-27,25938,26074,25720,25771
2019-08-28,25775,26053,25630,25999
2019-08-29,25994,26404,25927,26358
2019-08-30,26338,26550,26290,26387
2019-09-02,26160,26367,26104,26174
2019-09-03,26189,26301,25974,26103
2019-09-04,26089,26382,26071,26367
2019-09-05,26376,26840,26350,26681
2019-09-06,26698,26865,26695,26836
2019-09-09,26838,26909,26768,26850
2019-09-10,26858,26918,26717,26902
2019-09-11,26900,27165,26848,27151
2019-09-12,27145,27318,27110,27173
2019-09-13,27196,27311,27180,27218
2019-09-16,27104,27182,27015,27120
2019-09-17,27134,27144,26991,27123
2019-09-18,27122,27194,26914,27165
2019-09-19,27168,27279,27006,27097
2019-09-20,27093,27194,26892,26912
2019-09-23,27025,27068,26829,27017
2019-09-24,27031,27127,26712,26875
2019-09-25,26874,27027,26741,26984
2019-09-26,26995,27070,26813,26913
2019-09-27,26933,27025,26721,26865
2019-09-30,26961,27006,26843,26992
2019-10-01,27005,27079,26553,26588
2019-10-02,26582,26658,25972,26044
2019-10-03,26047,26222,25740,26204
2019-10-04,26204,26590,26097,26560
2019-10-07,26446,26661,26423,26466
2019-10-08,26471,26600,26143,26191
2019-10-09,26195,26447,26127,26375
2019-10-10,26390,26644,26031,26605
2019-10-11,26590,27022,26540,26829
2019-10-14,26851,26947,26688,26802
2019-10-15,26808,27128,26808,27038
2019-10-16,27045,27066,26941,26980
2019-10-17,26969,27133,26920,27040
2019-10-18,27034,27065,26767,26805
2019-10-21,26773,26883,26746,26836
2019-10-22,26841,26951,26760,26776
2019-10-23,26782,26900,26634,26838
2019-10-24,26876,26920,26703,26791
2019-10-25,26816,27019,26760,26953
2019-10-28,26986,27175,26985,27094
2019-10-29,27101,27166,27023,27104
2019-10-30,27114,27284,27023,27236
2019-10-31,27221,27233,26912,27044
2019-11-01,27053,27341,27026,27328
2019-11-04,27362,27515,27351,27448
2019-11-05,27453,27558,27431,27483
2019-11-06,27492,27534,27404,27506
2019-11-07,27473,27768,27422,27715
2019-11-08,27700,27747,27575,27680
2019-11-11,27683,27718,27513,27709
2019-11-12,27705,27776,27642,27696
2019-11-13,27701,27809,27571,27801
2019-11-14,27788,27849,27675,27793
2019-11-15,27776,28001,27768,27990
2019-11-18,27978,28093,27961,28047
2019-11-19,28037,28164,27889,27918
2019-11-20,27904,27916,27681,27837
2019-11-21,27738,27875,27682,27778
2019-11-22,27780,27900,27752,27889
2019-11-25,27943,28073,27932,28056
2019-11-26,28052,28182,28030,28166
2019-11-27,28145,28201,28086,28180
2019-11-28,28182,28184,28075,28136
2019-11-29,28123,28129,28051,28075
2019-12-02,28106,28211,27788,27791
2019-12-03,27806,27866,27329,27510
2019-12-04,27505,27736,27406,27651
2019-12-05,27648,27779,27565,27695
2019-12-06,27686,28045,27682,28034
2019-12-09,28037,28044,27883,27901
2019-12-10,27904,27967,27732,27935
2019-12-11,27928,27989,27813,27942
2019-12-12,27943,28239,27866,28159
2019-12-13,28224,28300,28038,28174
2019-12-16,28189,28368,28170,28260
2019-12-17,28253,28370,28200,28296
2019-12-18,28298,28365,28272,28311
2019-12-19,28314,28451,28278,28439
2019-12-20,28431,28556,28407,28500
2019-12-23,28520,28617,28509,28593
2019-12-24,28592,28622,28531,28542
2019-12-27,28679,28760,28635,28647
2019-12-30,28658,28703,28445,28481
2019-12-31,28480,28598,28385,28592
2020-01-02,28614,28911,28601,28910
2020-01-03,28914,28929,28468,28645
2020-01-06,28510,28749,28398,28675
2020-01-07,28681,28785,28496,28552
2020-01-08,28558,28883,28134,28813
2020-01-09,28829,29002,28792,28973
2020-01-10,28988,29071,28799,28820
2020-01-13,28859,28957,28829,28912
2020-01-14,28920,29067,28789,28980
2020-01-15,28981,29142,28891,29086
2020-01-16,29098,29314,29086,29309
2020-01-17,29296,29409,29288,29322
2020-01-20,29320,29372,29283,29352
2020-01-21,29353,29361,29169,29236
2020-01-22,29238,29373,29155,29169
2020-01-23,29167,29210,28982,29184
2020-01-24,29193,29299,28850,28962
2020-01-27,28767,28790,28463,28553
2020-01-28,28551,28842,28550,28818
2020-01-29,28809,28951,28714,28758
2020-01-30,28786,28904,28492,28892
2020-01-31,28859,28941,28166,28288
2020-02-03,28311,28643,28271,28439
2020-02-04,28396,28918,28358,28859
2020-02-05,28834,29348,28764,29320
2020-02-06,29337,29542,29255,29422
2020-02-07,29398,29422,29059,29087
2020-02-10,29054,29302,28903,29292
2020-02-11,29296,29449,29217,29299
2020-02-12,29319,29596,29264,29581
2020-02-13,29552,29570,29271,29471
2020-02-14,29452,29539,29286,29409
2020-02-17,29475,29500,29420,29479
2020-02-18,29377,29391,29122,29251
2020-02-19,29270,29419,29257,29366
2020-02-20,29390,29456,28956,29178
2020-02-21,29173,29199,28896,29000
2020-02-24,28719,28751,27924,27997
2020-02-25,27989,28273,27014,27185
2020-02-26,27176,27558,26730,26870
2020-02-27,26852,27014,25536,25562
2020-02-28,25575,25791,24695,25706
2020-03-02,25088,26732,25006,26559
2020-03-03,26655,27081,25703,25830
2020-03-04,25866,27096,25718,26968
2020-03-05,26986,26999,25941,26151
2020-03-06,26177,26307,25218,25799
2020-03-09,25081,25095,23666,23758
2020-03-10,23653,25038,23442,24971
2020-03-11,24864,24870,23311,23586
2020-03-12,23537,23860,20880,20924
2020-03-13,21082,23121,20376,22838
2020-03-16,22117,22301,20162,20407
2020-03-17,20488,21405,19902,20899
2020-03-18,20920,20994,18903,20069
2020-03-19,19971,20520,18962,19720
2020-03-20,19664,21007,18950,19007
2020-03-23,18335,19928,18212,18594
2020-03-24,18825,20819,18729,20788
2020-03-25,20739,21993,20380,21145
2020-03-26,21154,22552,20613,22545
2020-03-27,22582,22621,21417,21503
2020-03-30,21045,22337,21035,22283
2020-03-31,22255,22487,21742,21797
2020-04-01,21737,21764,20751,20901
2020-04-02,20958,21467,20596,21368
2020-04-03,21345,21443,20831,21020
2020-04-06,21255,22755,21222,22587
2020-04-07,22544,23570,22393,22535
2020-04-08,22573,23492,22340,23400
2020-04-09,23357,23989,23120,23779
2020-04-13,23881,23909,23072,23416
2020-04-14,23452,24026,23352,24015
2020-04-15,24019,24021,23201,23426
2020-04-16,23446,23872,23184,23867
2020-04-17,24206,24424,23802,24252
2020-04-20,24153,24306,23546,23618
2020-04-21,23584,23787,22917,23056
2020-04-22,23172,23614,22932,23477
2020-04-23,23464,23882,23340,23464
2020-04-24,23409,23820,23263,23746
2020-04-27,23804,24205,23639,24113
2020-04-28,24094,24541,23983,24106
2020-04-29,24099,24791,24078,24783
2020-04-30,24760,24898,24178,24218
2020-05-01,24121,24183,23632,23684
2020-05-04,23456,23762,23310,23704
2020-05-05,23718,24168,23697,23873
2020-05-06,23875,24106,23608,23628
2020-05-07,23624,24095,23523,23967
2020-05-08,23958,24419,23943,24398
2020-05-11,24300,24563,24065,24196
2020-05-12,24210,24383,23557,23559
2020-05-13,23573,23870,23073,23319
2020-05-14,23352,23676,22790,23623
2020-05-15,23593,23762,23327,23661
2020-05-18,23651,24719,23616,24560
2020-05-19,24558,24843,24202,24231
2020-05-20,24180,24661,24154,24621
2020-05-21,24605,24730,24369,24449
2020-05-22,24433,24571,24168,24522
2020-05-25,24487,24642,24476,24595
2020-05-26,24718,25191,24689,25068
2020-05-27,25040,25630,24970,25597
2020-05-28,25601,25846,25366,25510
2020-05-29,25476,25535,25031,25523
2020-06-01,25326,25554,25126,25494
2020-06-02,25488,25756,25326,25741
2020-06-03,25741,26350,25705,26283
2020-06-04,26264,26393,26081,26307
2020-06-05,26308,27344,26233,27075
2020-06-08,27172,27582,27051,27548
2020-06-09,27561,27637,27140,27277
2020-06-10,27291,27500,26917,26966
2020-06-11,26953,27013,25078,25209
2020-06-12,25245,25953,25075,25541
2020-06-15,25222,25891,24544,25844
2020-06-16,25868,26794,25796,26304
2020-06-17,26221,26630,26058,26162
2020-06-18,26114,26282,25753,26045
2020-06-19,26059,26450,25635,25637
2020-06-22,25519,26112,25360,26075
2020-06-23,26081,26423,25644,26095
2020-06-24,26112,26251,25292,25531
2020-06-25,25518,25791,25133,25708
2020-06-26,25658,25783,24969,25034
2020-06-29,24906,25676,24876,25623
2020-06-30,25607,25904,25433,25777
2020-07-01,25778,26023,25512,25682
2020-07-02,25683,26209,25638,25857
2020-07-03,25856,25985,25562,25746
2020-07-06,25834,26319,25827,26276
2020-07-07,26288,26401,25865,25900
2020-07-08,25899,26116,25784,26105
2020-07-09,26138,26139,25514,25696
2020-07-10,25716,26129,25412,26104
2020-07-13,26229,26649,26039,26096
2020-07-14,26169,26696,25994,26625
2020-07-15,26845,27182,26692,26905
2020-07-16,26918,26978,26590,26690
2020-07-17,26676,26837,26620,26634
2020-07-20,26683,26770,26445,26738
2020-07-21,26746,27031,26705,26842
2020-07-22,26840,26980,26641,26913
2020-07-23,26944,27165,26829,26911
2020-07-24,26666,26728,26404,26515
2020-07-27,26464,26634,26347,26622
2020-07-28,26638,26713,26369,26396
2020-07-29,26429,26628,26302,26583
2020-07-30,26574,26577,25992,26522
2020-07-31,26557,26565,26026,26035
2020-08-03,26453,26716,26305,26674
2020-08-04,26653,26856,26549,26839
2020-08-05,26848,27227,26778,27183
2020-08-06,27164,27412,27037,27397
2020-08-07,27365,27469,27202,27455
2020-08-10,27410,27811,27356,27782
2020-08-11,27770,28130,27629,27764
2020-08-12,27773,28050,27702,27957
2020-08-13,27941,28011,27787,27911
2020-08-14,27923,27990,27675,27889
2020-08-17,27927,28007,27815,27847
2020-08-18,27835,27972,27663,27798
2020-08-19,27793,27920,27622,27677
2020-08-20,27689,27780,27455,27749
2020-08-21,27751,27957,27524,27913
2020-08-24,27957,28319,27925,28291
2020-08-25,28289,28535,28096,28248
2020-08-26,28247,28390,28148,28369
2020-08-27,28359,28643,28232,28551
2020-08-28,28551,28764,28491,28673
2020-08-31,28707,28782,28696,28779
2020-09-01,28500,28680,28487,28674
2020-09-02,28658,28927,28637,28901
2020-09-03,29150,29199,28071,28375
2020-09-04,28302,28348,27855,28077
2020-09-07,28120,28355,27897,28306
2020-09-08,28309,28420,27457,27565
2020-09-09,27375,28210,27196,27956
2020-09-10,27978,28177,27741,27752
2020-09-11,27614,27837,27453,27645
2020-09-14,27738,28091,27736,27960
2020-09-15,27993,28251,27946,28128
2020-09-16,28222,28379,28033,28070
2020-09-17,28058,28122,27552,27923
2020-09-18,27909,28006,27495,27731
2020-09-21,27676,27744,26788,27157
2020-09-22,27138,27337,26983,27312
2020-09-23,27357,27521,26715,26819
2020-09-24,26820,26946,26537,26821
2020-09-25,26958,27248,26552,27153
2020-09-28,27253,27731,27223,27637
2020-09-29,27638,27700,27356,27501
2020-09-30,27502,28036,27168,27704
2020-10-01,27760,28088,27670,27812
2020-10-02,27821,27869,27654,27755
2020-10-05,27818,28089,27770,28059
2020-10-06,28120,28356,27654,27680
2020-10-07,27686,28375,27662,28321
2020-10-08,28300,28572,28272,28412
2020-10-09,28642,28691,28518,28664
2020-10-12,28575,28969,28571,28920
2020-10-13,28939,28946,28610,28690
2020-10-14,28703,28850,28471,28519
2020-10-15,28559,28574,28154,28394
2020-10-16,28554,28856,28455,28547
2020-10-19,28612,28653,28144,28298
2020-10-20,28301,28585,28169,28259
2020-10-21,28331,28498,28206,28254
2020-10-22,28103,28424,28023,28389
2020-10-23,28409,28498,28155,28314
2020-10-26,28243,28243,27363,27687
2020-10-27,27699,27817,27337,27337
2020-10-28,27356,27358,26494,26564
2020-10-29,26585,26885,26428,26429
2020-10-30,26406,26635,26060,26609
2020-11-02,26453,26976,26276,26951
2020-11-03,26950,27645,26938,27506
2020-11-04,27482,28307,27016,27897
2020-11-05,27880,28498,27758,28382
2020-11-06,28388,28445,28259,28391
2020-11-09,28604,30100,28567,29165
2020-11-10,29229,29484,28881,29444
2020-11-11,29471,29670,29285,29458
2020-11-12,29423,29448,28910,29155
2020-11-13,29111,29572,28944,29503
2020-11-16,29695,30089,29647,29994
2020-11-17,29955,29970,29531,29789
2020-11-18,29770,29969,29402,29434
2020-11-19,29449,29539,29240,29358
2020-11-20,29314,29498,29182,29227
2020-11-23,29379,29671,29316,29605
2020-11-24,29610,30116,29604,30087
2020-11-25,30068,30214,29807,29898
2020-11-26,29919,29960,29785,29821
2020-11-30,29984,30005,29459,29707
2020-12-01,29695,30083,29641,29770
2020-12-02,29804,29927,29605,29904
2020-12-03,29933,30111,29776,29966
2020-12-04,29961,30228,29945,30158
2020-12-07,30257,30277,29973,30002
2020-12-08,30008,30250,29868,30187
2020-12-09,30248,30318,29957,30068
2020-12-10,30067,30161,29884,30020
2020-12-11,30054,30105,29739,30057
2020-12-14,30215,30353,29877,29939
2020-12-15,29963,30271,29865,30237
2020-12-16,30252,30346,30106,30193
2020-12-17,30203,30361,30173,30327
2020-12-18,30320,30389,30038,30379
2020-12-21,30268,30319,29431,30202
2020-12-22,30222,30260,29989,30014
2020-12-23,30018,30288,29845,30191
2020-12-24,30181,30262,30107,30206
2020-12-28,30139,30527,30110,30425
2020-12-29,30439,30617,30284,30386
2020-12-30,30385,30533,30323,30446
2020-12-31,30435,30643,30345,30605
2021-01-04,30604,30809,29882,30234
2021-01-05,30211,30499,30082,30393
2021-01-06,30370,31022,30262,30886
2021-01-07,30901,31197,30810,31038
2021-01-08,31030,31261,30798,31133
2021-01-11,31074,31100,30750,31017
2021-01-12,31009,31126,30893,31079
2021-01-13,31071,31175,30984,31078
2021-01-14,31102,31227,30993,31017
2021-01-15,31045,31070,30617,30733
2021-01-18,30753,30865,30719,30845
2021-01-19,30883,31088,30864,30940
2021-01-20,30961,31237,30878,31168
2021-01-21,31191,31288,31114,31163
2021-01-22,31172,31184,30890,30989
2021-01-25,31043,31112,30555,30955
2021-01-26,30942,31117,30766,30949
2021-01-27,30963,30983,30150,30250
2021-01-28,30287,30940,30047,30541
2021-01-29,30519,30620,29852,29925
2021-02-01,29878,30342,29651,30218
2021-02-02,30227,30848,30177,30712
2021-02-03,30702,30814,30513,30807
2021-02-04,30795,31088,30641,31070
2021-02-05,31062,31248,31022,31169
2021-02-08,31216,31399,31147,31392
2021-02-09,31384,31436,31241,31410
2021-02-10,31409,31547,31217,31464
2021-02-11,31433,31540,31245,31420
2021-02-12,31400,31497,31293,31489
2021-02-15,31511,31691,31502,31663
2021-02-16,31656,31732,31451,31554
2021-02-17,31544,31649,31341,31622
2021-02-18,31622,31697,31291,31504
2021-02-19,31502,31641,31365,31480
2021-02-22,31543,31642,31247,31562
2021-02-23,31579,31673,31163,31549
2021-02-24,31561,32024,31379,31992
2021-02-25,31979,32084,31294,31333
2021-02-26,31314,31492,30837,30946
2021-03-01,30984,31664,30959,31571
2021-03-02,31574,31620,31314,31402
2021-03-03,31424,31645,31252,31266
2021-03-04,31271,31471,30551,30940
2021-03-05,30928,31584,30678,31535
2021-03-08,31679,32151,31324,31895
2021-03-09,31925,32156,31829,31865
2021-03-10,31872,32403,31754,32386
2021-03-11,32381,32670,32284,32523
2021-03-12,32524,32847,32405,32817
2021-03-15,32864,32997,32653,32957
2021-03-16,32951,33005,32806,32895
2021-03-17,32897,33075,32811,33045
2021-03-18,33045,33252,32859,32931
2021-03-19,32936,33006,32543,32645
2021-03-22,32578,32829,32456,32789
2021-03-23,32787,32826,32375,32471
2021-03-24,32483,32809,32373,32479
2021-03-25,32496,32708,32091,32694
2021-03-26,32689,33124,32636,33097
2021-03-29,33065,33272,32886,33194
2021-03-30,33220,33269,32998,33076
2021-03-31,33074,33181,33003,33050
2021-04-01,33045,33200,32980,33191
2021-04-02,33182,33403,33154,33328
2021-04-05,33358,33633,33287,33553
2021-04-06,33546,33582,33394,33454
2021-04-07,33460,33535,33360,33480
2021-04-08,33475,33589,33351,33582
2021-04-09,33569,33821,33500,33770
2021-04-12,33769,33812,33678,33766
2021-04-13,33773,33839,33559,33700
2021-04-14,33698,33925,33645,33796
2021-04-15,33784,34089,33779,34065
2021-04-16,34059,34271,34008,34179
2021-04-19,34144,34175,33988,34123
2021-04-20,34123,34193,33696,33813
2021-04-21,33828,34164,33748,34103
2021-04-22,34102,34159,33722,33834
2021-04-23,33838,34168,33721,34026
2021-04-26,34046,34158,33949,34006
2021-04-27,33995,34088,33880,33927
2021-04-28,33939,33985,33806,33832
2021-04-29,33834,34094,33745,34034
2021-04-30,34044,34055,33794,33917
2021-05-03,33964,34231,33938,34118
2021-05-04,34129,34164,33770,34142
2021-05-05,34156,34336,34045,34231
2021-05-06,34229,34583,34184,34565
2021-05-07,34534,34830,34468,34816
2021-05-10,34803,35101,34712,34738
2021-05-11,34758,34832,34083,34236
2021-05-12,34242,34324,33561,33585
2021-05-13,33604,34185,33294,34057
2021-05-14,34044,34464,34002,34432
2021-05-17,34416,34454,34175,34375
2021-05-18,34374,34496,33983,33999
2021-05-19,34019,34069,33473,33859
2021-05-20,33856,34242,33643,34075
2021-05-21,34084,34424,34076,34262
2021-05-24,34199,34478,34152,34445
2021-05-25,34443,34534,34274,34350
2021-05-26,34346,34469,34279,34344
2021-05-27,34348,34625,34217,34610
2021-05-28,34593,34669,34526,34566
2021-05-31,34567,34605,34440,34463
2021-06-01,34491,34858,34491,34585
2021-06-02,34560,34715,34504,34613
2021-06-03,34610,34679,34334,34604
2021-06-04,34616,34785,34497,34775
2021-06-07,34795,34858,34594,34652
2021-06-08,34656,34688,34468,34627
2021-06-09,34620,34680,34463,34508
2021-06-10,34511,34770,34426,34495
2021-06-11,34502,34657,34358,34484
2021-06-14,34526,34600,34240,34403
2021-06-15,34401,34512,34230,34323
2021-06-16,34331,34355,33933,33981
2021-06-17,33995,34116,33643,33840
2021-06-18,33828,33887,33204,33204
2021-06-21,33257,33937,33034,33929
2021-06-22,33925,34056,33758,33987
2021-06-23,33990,34093,33883,33913
2021-06-24,33916,34308,33907,34301
2021-06-25,34322,34516,34263,34509
2021-06-28,34527,34531,34196,34326
2021-06-29,34301,34492,34243,34311
2021-06-30,34315,34581,34136,34579
2021-07-01,34583,34683,34507,34638
2021-07-02,34632,34841,34614,34773
2021-07-05,34788,34872,34713,34820
2021-07-06,34831,34881,34370,34519
2021-07-07,34518,34720,34447,34707
2021-07-08,34702,34710,34123,34399
2021-07-09,34406,34902,34259,34877
2021-07-12,34875,35026,34662,35005
2021-07-13,35013,35037,34871,34898
2021-07-14,34898,35067,34788,34917
2021-07-15,34920,34999,34714,34958
2021-07-16,34951,35096,34646,34677
2021-07-19,34683,34687,33742,34035
2021-07-20,34040,34622,33964,34549
2021-07-21,34548,34853,34481,34851
2021-07-22,34828,34902,34670,34881
2021-07-23,34881,35106,34850,35030
2021-07-26,35057,35182,34767,35145
2021-07-27,35143,35146,34882,34980
2021-07-28,34975,35136,34882,34990
2021-07-29,34995,35179,34893,35105
2021-07-30,35107,35112,34874,34982
2021-08-02,35015,35195,34811,34878
2021-08-03,34870,35125,34716,35071
2021-08-04,35083,35115,34795,34832
2021-08-05,34820,35064,34782,35046
2021-08-06,35037,35254,34998,35208
2021-08-09,35185,35202,35044,35117
2021-08-10,35124,35277,35029,35260
2021-08-11,35260,35499,35210,35488
2021-08-12,35472,35529,35346,35523
2021-08-13,35512,35607,35465,35488
2021-08-16,35448,35629,35226,35600
2021-08-17,35590,35599,35121,35296
2021-08-18,35279,35359,34864,34915
2021-08-19,34942,35005,34567,34918
2021-08-20,34904,35180,34630,35124
2021-08-23,35088,35430,35088,35382
2021-08-24,35383,35458,35348,35389
2021-08-25,35392,35500,35286,35443
2021-08-26,35451,35496,35204,35250
2021-08-27,35240,35480,35168,35465
2021-08-30,35463,35513,35378,35444
2021-08-31,35413,35510,35285,35418
2021-09-01,35401,35510,35285,35306
2021-09-02,35306,35476,35234,35446
2021-09-03,35443,35521,35267,35362
2021-09-06,35358,35494,35281,35471
2021-09-07,35442,35442,35057,35089
2021-09-08,35094,35182,34902,35030
2021-09-09,35020,35209,34792,34885
2021-09-10,34889,35120,34605,34642
2021-09-13,34673,34953,34608,34936
2021-09-14,34922,35041,34523,34609
2021-09-15,34618,34898,34516,34866
2021-09-16,34859,34961,34550,34738
2021-09-17,34744,34844,34485,34501
2021-09-20,34524,34539,33609,33934
2021-09-21,33945,34367,33844,33887
2021-09-22,33899,34448,33769,34288
2021-09-23,34289,34881,34280,34786
2021-09-24,34777,34864,34594,34818
2021-09-27,34833,35066,34784,34870
2021-09-28,34875,34986,34254,34353
2021-09-29,34385,34585,34302,34451
2021-09-30,34478,34687,33821,33868
2021-10-01,33899,34485,33516,34359
2021-10-04,34390,34421,33810,34011
2021-10-05,34021,34483,33806,34340
2021-10-06,34334,34447,33843,34418
2021-10-07,34429,34968,34420,34754
2021-10-08,34774,34863,34646,34733
2021-10-11,34782,34940,34434,34465
2021-10-12,34469,34597,34236,34305
2021-10-13,34317,34452,34100,34367
2021-10-14,34372,34963,34358,34943
2021-10-15,34934,35308,34898,35301
2021-10-18,35315,35339,35027,35240
2021-10-19,35240,35488,35191,35472
2021-10-20,35467,35666,35396,35565
2021-10-21,35568,35658,35440,35613
2021-10-22,35586,35761,35528,35611
2021-10-25,35613,35787,35566,35757
2021-10-26,35761,35897,35740,35789
2021-10-27,35767,35835,35506,35541
2021-10-28,35556,35798,35510,35771
2021-10-29,35738,35865,35604,35853
2021-11-01,35909,36012,35808,35913
2021-11-02,35910,36089,35820,36035
2021-11-03,36038,36183,35890,36144
2021-11-04,36144,36192,35982,36102
2021-11-05,36097,36491,36063,36295
2021-11-08,36343,36570,36274,36411
2021-11-09,36410,36439,36181,36288
2021-11-10,36276,36356,36016,36089
2021-11-11,36084,36170,35926,35963
2021-11-12,35966,36160,35940,36124
2021-11-15,36152,36264,36038,36108
2021-11-16,36110,36328,36037,36175
2021-11-17,36164,36182,35899,35908
2021-11-18,35897,36029,35661,35888
2021-11-19,35891,36055,35557,35648
2021-11-22,35664,35942,35593,35671
2021-11-23,35679,35856,35432,35809
2021-11-24,35810,35851,35595,35841
2021-11-25,35848,35962,35819,35848
2021-11-26,35843,35843,34699,34745
2021-11-29,34969,35312,34906,35193
2021-11-30,35211,35290,34442,34579
2021-12-01,34599,35017,33962,34052
2021-12-02,34104,34779,34051,34747
2021-12-03,34742,34827,34291,34599
2021-12-06,34629,35386,34622,35302
2021-12-07,35304,35840,35238,35808
2021-12-08,35800,35958,35621,35771
2021-12-09,35771,35881,35600,35766
2021-12-10,35783,36032,35726,36022
2021-12-13,36043,36168,35648,35717
2021-12-14,35724,35817,35471,35600
2021-12-15,35599,35994,35412,35971
2021-12-16,35972,36235,35797,35967
2021-12-17,35957,36022,35304,35469
2021-12-20,35402,35459,34682,35044
2021-12-21,35032,35544,34993,35533
2021-12-22,35532,35795,35418,35773
2021-12-23,35789,36081,35757,35983
2021-12-27,35991,36340,35893,36301
2021-12-28,36304,36543,36249,36414
2021-12-29,36428,36596,36385,36514
2021-12-30,36520,36709,36393,36424
2021-12-31,36439,36510,36256,36400
2022-01-03,36446,36614,36262,36567
2022-01-04,36570,36943,36549,36804
2022-01-05,36790,36970,36418,36450
2022-01-06,36447,36550,36213,36293
2022-01-07,36319,36395,36119,36244
2022-01-10,36272,36302,35653,36059
2022-01-11,36069,36273,35761,36247
2022-01-12,36254,36451,36163,36304
2022-01-13,36307,36516,36052,36129
2022-01-14,36156,36248,35642,35973
2022-01-17,35991,36019,35832,35960
2022-01-18,35954,35991,35268,35423
2022-01-19,35433,35553,35001,35053
2022-01-20,35066,35488,34519,34646
2022-01-21,34686,34896,34214,34222
2022-01-24,34311,34526,33138,34436
2022-01-25,34379,34584,33537,34054
2022-01-26,34111,34816,33859,34148
2022-01-27,34185,34766,33646,34334
2022-01-28,34325,34732,33724,34686
2022-01-31,34698,35140,34426,35028
2022-02-01,35058,35429,34945,35352
2022-02-02,35327,35705,35283,35686
2022-02-03,35675,35684,35061,35268
2022-02-04,35232,35335,34802,35058
2022-02-07,35133,35330,34930,35132
2022-02-08,35128,35550,35053,35503
2022-02-09,35507,35877,35493,35838
2022-02-10,35826,35862,35097,35226
2022-02-11,35212,35434,34620,34800
2022-02-14,34767,34854,34302,34567
2022-02-15,34563,35058,34435,34957
2022-02-16,34951,35147,34645,34926
2022-02-17,34922,34985,34247,34316
2022-02-18,34303,34570,33968,34082
2022-02-21,33994,34419,33743,33769
2022-02-22,33672,34119,33359,33659
2022-02-23,33677,33892,33084,33108
2022-02-24,33145,33262,32225,33104
2022-02-25,33080,34093,32816,34051
2022-02-28,33517,33967,33370,33892
2022-03-01,33866,34100,33100,33365
2022-03-02,33355,34014,33149,33833
2022-03-03,33817,34179,33634,33824
2022-03-04,33827,33895,33244,33560
2022-03-07,33386,33577,32721,32730
2022-03-08,32758,33406,32339,32562
2022-03-09,32583,33459,32566,33275
2022-03-10,33266,33304,32814,33191
2022-03-11,33170,33695,32904,32962
2022-03-14,33016,33408,32824,33002
2022-03-15,33013,33637,32695,33512
2022-03-16,33518,34179,33396,34153
2022-03-17,34113,34502,33871,34344
2022-03-18,34357,34816,34215,34809
2022-03-21,34783,34811,34344,34619
2022-03-22,34602,34895,34443,34833
2022-03-23,34813,34910,34337,34369
2022-03-24,34361,34776,34334,34757
2022-03-25,34752,34960,34642,34869
2022-03-28,34862,35008,34567,34976
2022-03-29,34965,35404,34948,35288
2022-03-30,35287,35378,35077,35262
2022-03-31,35255,35336,34711,34819
2022-04-01,34822,34931,34559,34819
2022-04-04,34826,34963,34632,34927
2022-04-05,34921,35123,34574,34699
2022-04-06,34700,34719,34288,34467
2022-04-07,34471,34716,34194,34580
2022-04-08,34587,34925,34471,34729
2022-04-11,34754,34773,34285,34335
2022-04-12,34360,34687,34113,34269
2022-04-13,34294,34619,34160,34566
2022-04-14,34576,34903,34451,34506
2022-04-18,34456,34643,34295,34517
2022-04-19,34513,35010,34341,34889
2022-04-20,34881,35350,34843,35259
2022-04-21,35260,35523,34751,34780
2022-04-22,34781,34827,33695,33717
2022-04-25,33753,34126,33331,34085
2022-04-26,34059,34143,33184,33218
2022-04-27,33261,33716,33109,33430
2022-04-28,33427,34070,33260,33873
2022-04-29,33840,34002,32921,33081
2022-05-02,33074,33252,32463,33051
2022-05-03,33033,33360,32909,33163
2022-05-04,33140,34134,33030,34013
2022-05-05,34027,34120,32687,33035
2022-05-06,33009,33070,32472,32841
2022-05-09,32755,32756,32127,32275
2022-05-10,32344,32757,31897,32147
2022-05-11,32141,32599,31808,31922
2022-05-12,31909,31977,31232,31624
2022-05-13,31666,32287,31649,32163
2022-05-16,32211,32528,31940,32205
2022-05-17,32217,32768,32205,32698
2022-05-18,32693,32715,31365,31443
2022-05-19,31460,31577,31004,31250
2022-05-20,31259,31600,30637,31286
2022-05-23,31397,31972,31351,31915
2022-05-24,31786,32019,31362,31985
2022-05-25,31998,32263,31729,32112
2022-05-26,32146,32777,32046,32592
2022-05-27,32579,33282,32526,33279
2022-05-30,33256,33478,33210,33319
2022-05-31,33275,33300,32755,33062
2022-06-01,33094,33277,32583,32794
2022-06-02,32805,33286,32513,33277
2022-06-03,33263,33328,32837,32922
2022-06-06,32957,33245,32822,32928
2022-06-07,32933,33210,32622,33122
2022-06-08,33138,33185,32821,32928
2022-06-09,32922,33122,32262,32329
2022-06-10,32348,32351,31380,31447
2022-06-13,31268,31304,30390,30557
2022-06-14,30617,30894,30163,30408
2022-06-15,30429,31041,30198,30711
2022-06-16,30744,30967,29761,30011
2022-06-17,30038,30243,29672,29961
2022-06-20,30024,30255,29779,30179
2022-06-21,30175,30685,30151,30579
2022-06-22,30555,30811,30043,30507
2022-06-23,30526,30740,30288,30597
2022-06-24,30612,31549,30579,31521
2022-06-27,31541,31738,31375,31500
2022-06-28,31489,31913,30950,31007
2022-06-29,31009,31192,30909,31068
2022-06-30,31071,31077,30450,30751
2022-07-01,30761,31164,30471,31092
2022-07-04,31092,31118,30862,31026
2022-07-05,31043,31264,30375,30968
2022-07-06,30983,31250,30785,31099
2022-07-07,31098,31445,30940,31362
2022-07-08,31367,31532,31228,31390
2022-07-11,31336,31389,31087,31223
2022-07-12,31211,31374,30875,31014
2022-07-13,31022,31356,30526,30756
2022-07-14,30740,30824,30156,30652
2022-07-15,30679,31301,30537,31288
2022-07-18,31352,31654,30990,31101
2022-07-19,31097,31878,31066,31852
2022-07-20,31849,32016,31656,31835
2022-07-21,31836,32060,31534,32021
2022-07-22,32015,32223,31734,31890
2022-07-25,31874,32099,31807,31899
2022-07-26,31872,31952,31699,31807
2022-07-27,31802,32358,31800,32193
2022-07-28,32198,32654,31988,32611
2022-07-29,32577,32926,32503,32852
2022-08-01,32836,32987,32652,32831
2022-08-02,32807,32833,32401,32462
2022-08-03,32483,32925,32396,32803
2022-08-04,32800,32918,32653,32741
2022-08-05,32737,32839,32483,32765
2022-08-08,32794,33124,32723,32909
2022-08-09,32880,32930,32711,32816
2022-08-10,32805,33382,32729,33340
2022-08-11,33332,33666,33296,33398
2022-08-12,33397,33771,33337,33753
2022-08-15,33748,33971,33533,33890
2022-08-16,33889,34296,33836,34176
2022-08-17,34145,34211,33840,34027
2022-08-18,34001,34083,33849,34014
2022-08-19,34010,34025,33632,33703
2022-08-22,33620,33654,33017,33121
2022-08-23,33107,33194,32863,32909
2022-08-24,32912,33103,32772,32976
2022-08-25,32987,33312,32895,33243
2022-08-26,33262,33468,32180,32181
2022-08-29,32082,32331,31957,32153
2022-08-30,32143,32375,31644,31815
2022-08-31,31770,31992,31494,31554
2022-09-01,31561,31671,31215,31649
2022-09-02,31651,32024,31176,31376
2022-09-05,31353,31468,31278,31424
2022-09-06,31440,31596,31045,31154
2022-09-07,31153,31649,30981,31577
2022-09-08,31593,31807,31304,31795
2022-09-09,31785,32225,31760,32135
2022-09-12,32246,32527,32139,32448
2022-09-13,32468,32691,31048,31178
2022-09-14,31190,31311,30910,31215
2022-09-15,31196,31304,30895,30939
2022-09-16,30853,30934,30560,30933
2022-09-19,30875,31111,30517,31076
2022-09-20,31079,31186,30488,30772
2022-09-21,30755,31061,30135,30173
2022-09-22,30201,30431,29985,30118
2022-09-23,30126,30179,29253,29612
2022-09-26,29551,29682,29176,29286
2022-09-27,29303,29680,28971,29192
2022-09-28,29219,29840,28841,29694
2022-09-29,29721,29742,29006,29257
2022-09-30,29238,29511,28728,28782
2022-10-03,28748,29670,28605,29523
2022-10-04,29558,30369,29470,30315
2022-10-05,30287,30478,29898,30295
2022-10-06,30282,30448,29868,29935
2022-10-07,29887,30068,29154,29309
2022-10-10,29227,29511,29020,29245
2022-10-11,29259,29634,28923,29296
2022-10-12,29290,29503,29154,29277
2022-10-13,29305,30191,28648,30063
2022-10-14,30088,30458,29630,29666
2022-10-17,29675,30348,29667,30292
2022-10-18,30367,30865,30321,30691
2022-10-19,30696,30795,30234,30512
2022-10-20,30472,30837,30268,30385
2022-10-21,30368,31167,30077,31157
2022-10-24,31223,31614,30896,31485
2022-10-25,31493,31878,31306,31835
2022-10-26,31779,32174,31707,31951
2022-10-27,31902,32383,31841,31998
2022-10-28,32005,32967,31852,32954
2022-10-31,32863,32885,32584,32736
2022-11-01,32744,32997,32481,32630
2022-11-02,32645,33069,32093,32149
2022-11-03,32164,32245,31710,31988
2022-11-04,31974,32611,31857,32358
2022-11-07,32170,32893,32161,32797
2022-11-08,32805,33360,32754,33102
2022-11-09,33088,33198,32475,32528
2022-11-10,32549,33786,32506,33777
2022-11-11,33739,33969,33396,33745
2022-11-14,33648,33964,33535,33604
2022-11-15,33609,34010,33313,33539
2022-11-16,33481,33705,33443,33575
2022-11-17,33610,33687,33145,33544
2022-11-18,33563,33820,33436,33724
2022-11-21,33770,33865,33554,33694
2022-11-22,33698,34113,33627,34105
2022-11-23,34110,34263,34002,34238
2022-11-24,34252,34289,34212,34243
2022-11-25,34253,34386,34192,34348
2022-11-28,34276,34310,33798,33847
2022-11-29,33848,33968,33655,33813
2022-11-30,33816,34600,33577,34565
2022-12-01,34569,34661,34121,34357
2022-12-02,34348,34487,33891,34344
2022-12-05,34398,34417,33849,33963
2022-12-06,33965,34044,33419,33594
2022-12-07,33595,33779,33430,33575
2022-12-08,33583,33892,33445,33764
2022-12-09,33775,33929,33450,33452
2022-12-12,33479,33998,33281,33952
2022-12-13,33961,34941,33882,34105
2022-12-14,34114,34398,33685,34023
2022-12-15,34010,34072,33009,33160
2022-12-16,33172,33259,32648,32854
2022-12-19,32890,33060,32574,32726
2022-12-20,32751,32997,32473,32905
2022-12-21,32950,33440,32936,33418
2022-12-22,33421,33460,32571,33018
2022-12-23,33021,33229,32813,33169
2022-12-27,33303,33431,33060,33247
2022-12-28,33256,33386,32858,32894
2022-12-29,32916,33296,32830,33187
2022-12-30,33189,33208,32839,33156
2023-01-03,33339,33492,32841,33102
2023-01-04,33084,33414,33023,33222
2023-01-05,33224,33309,32806,32943
2023-01-06,32951,33722,32896,33605
2023-01-09,33669,33937,33489,33512
2023-01-10,33520,33728,33342,33701
2023-01-11,33703,33984,33684,33976
2023-01-12,33978,34298,33717,34175
2023-01-13,34175,34346,33881,34306
2023-01-16,34326,34370,34185,34273
2023-01-17,34277,34309,33857,33884
2023-01-18,33868,34014,33253,33259
2023-01-19,33255,33277,32958,33055
2023-01-20,33083,33383,32934,33362
2023-01-23,33365,33788,33305,33637
2023-01-24,33636,33812,33377,33749
2023-01-25,33748,33776,33265,33704
2023-01-26,33714,33970,33629,33927
2023-01-27,33900,34168,33827,33970
2023-01-30,33933,34058,33693,33733
2023-01-31,33745,34093,33511,34052
2023-02-01,34056,34347,33568,34051
2023-02-02,34063,34154,33809,33970
2023-02-03,33967,34185,33775,33898
2023-02-06,33851,33969,33638,33868
2023-02-07,33876,34251,33631,34106
2023-02-08,34123,34182,33894,34000
2023-02-09,33985,34247,33603,33720
2023-02-10,33724,33896,33516,33864
2023-02-13,33861,34254,33732,34232
2023-02-14,34232,34516,33820,34042
2023-02-15,34037,34134,33828,34104
2023-02-16,34096,34174,33666,33678
2023-02-17,33658,33848,33470,33817
2023-02-20,33810,33832,33695,33713
2023-02-21,33735,33746,33112,33150
2023-02-22,33154,33247,32949,33063
2023-02-23,33064,33270,32797,33121
2023-02-24,33126,33178,32630,32787
2023-02-27,32793,33194,32780,32902
2023-02-28,32920,32991,32570,32613
2023-03-01,32619,32831,32495,32820
2023-03-02,32808,33086,32606,32978
2023-03-03,32981,33409,32931,33395
2023-03-06,33351,33577,33335,33444
2023-03-07,33435,33500,32834,32855
2023-03-08,32860,32904,32612,32809
2023-03-09,32804,32982,32182,32240
2023-03-10,32212,32423,31780,32000
2023-03-13,32000,32353,31520,31875
2023-03-14,31880,32280,31788,32131
2023-03-15,32128,32189,31427,31848
2023-03-16,31843,32281,31566,32255
2023-03-17,32219,32338,31723,31826
2023-03-20,31916,32288,31430,32244
2023-03-21,32246,32605,32218,32561
2023-03-22,32545,32770,32008,32069
2023-03-23,32081,32503,31837,32171
2023-03-24,32182,32289,31734,32282
2023-03-27,32288,32570,32221,32480
2023-03-28,32473,32581,32289,32413
2023-03-29,32428,32728,32420,32698
2023-03-30,32698,32928,32667,32864
2023-03-31,32837,33358,32818,33328
2023-04-03,33269,33639,33251,33583
2023-04-04,33571,33689,33273,33430
2023-04-05,33435,33527,33313,33461
2023-04-06,33451,33543,33319,33458
2023-04-07,33453,33597,33400,33548
2023-04-10,33525,33607,33331,33590
2023-04-11,33586,33781,33554,33699
2023-04-12,33697,33947,33592,33612
2023-04-13,33619,34054,33578,34006
2023-04-14,33957,34105,33724,33937
2023-04-17,33947,33998,33793,33973
2023-04-18,33971,34132,33781,33959
2023-04-19,33954,33962,33798,33867
2023-04-20,33864,33885,33661,33764
2023-04-21,33757,33862,33679,33792
2023-04-24,33763,33894,33634,33859
2023-04-25,33866,33875,33525,33608
2023-04-26,33601,33643,33232,33325
2023-04-27,33327,33860,33307,33788
2023-04-28,33788,34131,33642,34096
2023-05-01,34095,34263,34006,34009
2023-05-02,34005,34087,33431,33656
2023-05-03,33662,33824,33313,33318
2023-05-04,33259,33470,32934,33104
2023-05-05,33116,33750,33116,33660
2023-05-08,33685,33775,33505,33599
2023-05-09,33605,33651,33463,33568
2023-05-10,33556,33782,33234,33499
2023-05-11,33507,33606,33105,33308
2023-05-12,33307,33483,33107,33242
2023-05-15,33252,33449,33157,33333
2023-05-16,33326,33346,32967,33023
2023-05-17,33017,33479,32996,33394
2023-05-18,33403,33578,33211,33545
2023-05-19,33544,33657,33324,33376
2023-05-22,33333,33508,33195,33308
2023-05-23,33310,33406,33007,33076
2023-05-24,33079,33120,32748,32811
2023-05-25,32802,32874,32583,32757
2023-05-26,32760,33168,32687,33109
2023-05-29,33235,33255,33119,33156
2023-05-30,33151,33188,32887,32993
2023-05-31,32996,33008,32729,32870
2023-06-01,32858,33174,32682,33088
2023-06-02,33091,33806,33069,33755
2023-06-05,33764,33837,33552,33559
2023-06-06,33552,33633,33407,33564
2023-06-07,33559,33709,33499,33656
2023-06-08,33663,33876,33592,33806
2023-06-09,33803,33979,33710,33869
2023-06-12,33871,34080,33866,34064
2023-06-13,34057,34310,34002,34211
2023-06-14,34129,34196,33774,33967
2023-06-15,33959,34494,33855,34379
2023-06-16,34381,34574,34283,34304
2023-06-19,34316,34324,34170,34207
2023-06-20,34241,34299,33910,34027
2023-06-21,34044,34101,33874,33958
2023-06-22,33973,34010,33822,33966
2023-06-23,33967,33977,33623,33712
2023-06-26,33716,33819,33604,33744
2023-06-27,33754,33976,33654,33911
2023-06-28,33921,33969,33754,33893
2023-06-29,33908,34154,33813,34092
2023-06-30,34088,34473,34084,34379
2023-07-03,34405,34467,34293,34411
2023-07-04,34405,34435,34358,34371
2023-07-05,34392,34416,34224,34262
2023-07-06,34270,34272,33768,33911
2023-07-07,33914,34035,33709,33750
2023-07-10,33735,33963,33609,33938
2023-07-11,33939,34291,33860,34238
2023-07-12,34238,34585,34213,34353
2023-07-13,34366,34472,34352,34359
2023-07-14,34359,34601,34309,34470
2023-07-17,34483,34669,34408,34559
2023-07-18,34571,34991,34516,34928
2023-07-19,34941,35232,34924,35044
2023-07-20,35049,35371,35009,35234
2023-07-21,35237,35343,35179,35208
2023-07-24,35218,35465,35180,35412
2023-07-25,35404,35529,35363,35408
2023-07-26,35425,35643,35310,35474
2023-07-27,35485,35690,35213,35308
2023-07-28,35311,35569,35242,35437
2023-07-31,35467,35578,35383,35572
2023-08-01,35582,35678,35442,35617
2023-08-02,35483,35609,35224,35288
2023-08-03,35297,35383,35118,35223
2023-08-04,35221,35512,35030,35055
2023-08-07,35103,35498,35094,35476
2023-08-08,35479,35489,35005,35291
2023-08-09,35290,35411,35055,35175
2023-08-10,35182,35574,35108,35182
2023-08-11,35195,35362,35045,35295
2023-08-14,35330,35396,35165,35293
2023-08-15,35289,35352,34904,34948
2023-08-16,34959,35135,34726,34764
2023-08-17,34783,34892,34436,34446
2023-08-18,34469,34593,34261,34468
2023-08-21,34504,34649,34248,34438
2023-08-22,34444,34591,34253,34292
2023-08-23,34306,34537,34289,34523
2023-08-24,34493,34695,34056,34097
2023-08-25,34118,34447,34024,34329
2023-08-28,34401.5,34661.6,34378.5,34575.3
2023-08-29,34582.6,34864.5,34492.1,34829.9
2023-08-30,34834.5,35025.5,34785,34951.3
2023-08-31,34954.4,35098.4,34716.7,34747.3
2023-09-01,34753.7,34971.7,34718.4,34813.1
2023-09-04,34850.1,34935.1,34756.1,34790.4
2023-09-05,34808.1,34889.6,34632.9,34648.5
2023-09-06,34645.9,34672.3,34284.9,34425.9
2023-09-07,34431.9,34559.3,34331.8,34503.3
2023-09-08,34516.1,34627,34410.6,34572.1
2023-09-11,34591.1,34784.7,34562.1,34650.4
2023-09-12,34645.4,34857.9,34531.3,34647.2
2023-09-13,34648.2,34772.7,34502.4,34589.2
2023-09-14,34583.2,34979.4,34567.7,34937.6
2023-09-15,34935.6,35012.1,34566.3,34617.8
2023-09-18,34644.6,34724.8,34539.6,34630.5
2023-09-19,34631.5,34682.9,34306.8,34514.6
2023-09-20,34517.1,34777.5,34423.1,34430.8
2023-09-21,34445.1,34449.6,34023.7,34038.3
2023-09-22,34059.2,34156,33943.4,33974.7
2023-09-25,34009.4,34100.9,33777.8,34023.7
2023-09-26,34019.1,34019.6,33565.9,33658.2
2023-09-27,33668.1,33761.6,33300.4,33599.3
2023-09-28,33604.1,33781.6,33456.4,33702.7
2023-09-29,33728.6,33899.6,33402.4,33528.7
2023-10-02,33666.9,33726.9,33215.7,33416.7
2023-10-03,33418.2,33489.2,32908.2,32965.2
2023-10-04,32977.3,33156.9,32811.8,33051.2
2023-10-05,33055.5,33175.4,32937.1,33092.8
2023-10-06,33095.1,33561.3,32845.9,33421.8
2023-10-09,33223.5,33641.4,33111,33591.9
2023-10-10,33604.9,33898.3,33580.4,33735.9
2023-10-11,33741.4,33887.4,33608.8,33853.2
2023-10-12,33845.9,33974.1,33447.9,33627.4
2023-10-13,33621,33963.5,33546.4,33616.8
2023-10-16,33697,34091.8,33671,34004.3
2023-10-17,34013.8,34146.9,33811.3,33984.1
2023-10-18,33960.4,33996.4,33594.6,33670.3
2023-10-19,33682.4,33850.3,33350.8,33386.3
2023-10-20,33400.7,33421.7,33087.2,33087.3
2023-10-23,33176,33236.6,32887.5,32992.3
2023-10-24,32994.1,33295.1,32932.1,33219.2
2023-10-25,33203.4,33276.7,32986.2,33063.2
2023-10-26,33058.8,33106.6,32737.2,32822.1
2023-10-27,32853.7,32911.7,32322.2,32382.4
2023-10-30,32465.8,33002.9,32427.3,32938.8
2023-10-31,32933.8,33139.3,32784.2,32996.3
2023-11-01,33005.4,33337.3,32909.4,33272.8
2023-11-02,33275.3,33860.5,33263.8,33836.3
2023-11-03,33839,34163.6,33819.5,34087.7
2023-11-06,34112.1,34162.4,33987.8,34065.3
2023-11-07,34064.8,34209.7,33973.2,34168.4
2023-11-08,34162.1,34251.5,33992.5,34084.2
2023-11-09,34078.6,34222.6,33855.8,33915.7
2023-11-10,33905.8,34315,33852.3,34222.7
2023-11-13,34252.7,34409.4,34154.9,34343.9
2023-11-14,34340.4,34927.7,34302.3,34845.8
2023-11-15,34864.7,35051.3,34843.7,34931.7
2023-11-16,34939.2,35020.1,34814,34983.5
2023-11-17,34979,35100.6,34881.3,34911.7
2023-11-20,34931.5,35225.8,34893,35156.3
2023-11-21,35156.8,35182,35037.8,35087.3
2023-11-22,35081.7,35319.6,35067.2,35272.3
2023-11-23,35263.2,35342.1,35237.2,35302.3
2023-11-24,35305.6,35400.4,35285.4,35374.3
2023-11-27,35376.4,35418.9,35279.2,35347.8
2023-11-28,35358.9,35516.3,35287.9,35377.3
2023-11-29,35395,35582,35392,35514
2023-11-30,35513.3,35968.2,35494.8,35917.9
2023-12-01,35914.9,36265.1,35895.9,36249.8
2023-12-04,36249.7,36250.7,36027.2,36180.9
2023-12-05,36172.9,36186.9,36005.7,36114.3
2023-12-06,36112.6,36298.1,36022.9,36062.8
2023-12-07,36048.5,36165.3,35979.4,36093.9
2023-12-08,36104.9,36292.9,35963.4,36243.9
2023-12-11,36254.5,36418.4,36203,36410.9
2023-12-12,36403.4,36599.9,36367.5,36590.9
2023-12-13,36590.4,37137.3,36526.2,37088.8
2023-12-14,37100.5,37314.1,37043.1,37226.3
2023-12-15,37230.5,37405.8,37146.3,37275.2
2023-12-18,37294.1,37395.6,37274.1,37285.8
2023-12-19,37282.3,37568.2,37270.3,37539.7
2023-12-20,37544.4,37641.4,37023.8,37104.7
2023-12-21,37132.2,37423.3,37120.6,37374.8
2023-12-22,37322.9,37539.9,37247.4,37359.6
2023-12-26,37396.1,37616.4,37364.4,37571.4
2023-12-27,37573.9,37682.6,37480.1,37659
2023-12-28,37660.8,37783.2,37613.4,37718.3
2023-12-29,37718.2,37786.4,37539.2,37652.7
2024-01-02,37706.7,37814.9,37461.4,37714.2
2024-01-03,37725,37739,37396.9,37432.2
2024-01-04,37468.9,37720.9,37431.4,37489.9
2024-01-05,37508.7,37626,37248.2,37451
2024-01-08,37426.1,37690.9,37216.1,37638
2024-01-09,37636.1,37649.1,37356.1,37494.9
2024-01-10,37500.5,37744.2,37460,37692.8
2024-01-11,37686.1,37814,37420.3,37693.8
2024-01-12,37699.9,37824.1,37443.6,37542
2024-01-15,37553,37624,37489.5,37564.7
2024-01-16,37557.6,37568.1,37197.7,37341.8
2024-01-17,37360.5,37371.6,37128.6,37254.3
2024-01-18,37247.7,37524.4,37124,37457.3
2024-01-19,37458.9,37942.5,37409.4,37852.2
2024-01-22,37901.6,38108.8,37868.8,37988.8
2024-01-23,37990.7,38024.4,37791.4,37918.7
2024-01-24,37926.1,38081.4,37774.9,37867.4
2024-01-25,37876.9,38059.5,37754,37988.8
2024-01-26,37991.3,38217.4,37899.8,38085.8
2024-01-29,38035.3,38346,38008.8,38282.7
2024-01-30,38287.5,38500.3,38240,38458.4
2024-01-31,38503.9,38581.7,38116.9,38163.9
2024-02-01,38158.2,38546.6,38103.6,38511.6
2024-02-02,38539.1,38782.6,38324.9,38628.9
2024-02-05,38656.9,38694.9,38207.4,38354.3
2024-02-06,38359.4,38541.9,38276.4,38488.6
2024-02-07,38504.1,38747.9,38456.6,38671.3
2024-02-08,38681.7,38746.7,38537.4,38710.6
2024-02-09,38711.2,38895.2,38560.2,38626.8
2024-02-12,38636.4,38932.5,38601.9,38780.7
2024-02-13,38787.5,38822.9,38036.4,38263.4
2024-02-14,38250.9,38439.1,38191.8,38394.7
2024-02-15,38408.4,38781.3,38358.9,38765.8
2024-02-16,38767.6,38830.8,38566.4,38572.8
2024-02-19,38617.8,38665.3,38596.3,38628.8
2024-02-20,38626.7,38661.4,38451.1,38596.7
2024-02-21,38564.1,38676.7,38335.3,38559.7
2024-02-22,38589.7,39155.3,38570,39035.3
2024-02-23,39065.5,39286,39030.5,39091.3
2024-02-26,39109.3,39242.3,39027.9,39047.7
2024-02-27,39052,39113.8,38876,38934.8
2024-02-28,38931.2,38953.6,38740.2,38809.3
2024-02-29,38855.4,39074.1,38788.1,38965.7
2024-03-01,38982.2,39123.9,38843.1,39029.2
2024-03-04,39075.5,39088,38863.5,38950.3
2024-03-05,38946.5,38962.9,38450.9,38579.2
2024-03-06,38568.1,38863.4,38549.6,38662.8
2024-03-07,38680.5,38917.2,38520.7,38776.3
2024-03-08,38774.1,38969.8,38594.1,38740.8
2024-03-11,38752.6,38796.6,38477.4,38779.7
2024-03-12,38804.1,39079.1,38640,38985.2
2024-03-13,38983.8,39204.8,38928.2,39069.9
2024-03-14,39078.9,39229.6,38693.9,38911.4
2024-03-15,38894.9,38991.8,38612.8,38702.7
2024-03-18,38690.5,38903.2,38659,38782.3
2024-03-19,38802.8,39120.9,38687,39096.3
2024-03-20,39103.4,39547.8,38997.8,39527.7
2024-03-21,39529.5,39893.8,39509,39832.8
2024-03-22,39799.6,39852.9,39420.8,39420.8
2024-03-25,39450,39462.5,39294.1,39324.6
2024-03-26,39327.1,39442.8,39276.3,39363.2
2024-03-27,39372.8,39797.5,39362.3,39758.5
2024-03-28,39724.5,39867.2,39715.5,39764.2
2024-04-01,39898.5,39993.5,39359.1,39424.6
2024-04-02,39429.1,39473.2,39046.5,39176.8
2024-04-03,39182.3,39312.5,39012.2,39148.8
2024-04-04,39146.9,39427.9,38558.1,38604.6
2024-04-05,38633.6,39054.6,38557.4,38921.8
2024-04-08,39005.1,39017.6,38795.7,38918.9
2024-04-09,38928.9,38993.9,38561.3,38904.7
2024-04-10,38908.4,39027.9,38299.6,38429.2
2024-04-11,38402.6,38602.5,38199.9,38474.2
2024-04-12,38475.1,38569.9,37868.9,37961.2
2024-04-15,38005.6,38376.3,37656.6,37723.3
2024-04-16,37760.1,38034.4,37590.8,37830.5
2024-04-17,37858.5,38014.3,37605.8,37731.7
2024-04-18,37760.9,38088.2,37673.7,37763.3
2024-04-19,37789.9,38112.5,37235.4,37973
2024-04-22,38066.8,38456.1,37980.2,38256.2
2024-04-23,38269,38565.1,38208.4,38520.8
2024-04-24,38501.9,38576.3,38301.1,38386.8
2024-04-25,38375.7,38440.1,37748.6,38138.3
2024-04-26,38145.2,38337.7,38050.1,38259.4
2024-04-29,38292.9,38406.9,38207,38368.3
2024-04-30,38373,38390.3,37752.6,37790.3
2024-05-01,37813.1,38359.4,37703.3,37960
2024-05-02,37966.9,38485.2,37891.1,38469.3
2024-05-03,38480.2,38802.8,38436.1,38707.2
2024-05-06,38737,38876.9,38687.8,38839.1
2024-05-07,38840,38979.8,38831,38867.5
2024-05-08,38877.9,39094.5,38797.9,39036.7
2024-05-09,39035.6,39450.3,38950.4,39422.2
2024-05-10,39433.7,39581.7,39398.4,39483.7
2024-05-13,39456.1,39656,39397.8,39430.3
2024-05-14,39427,39616.5,39291.5,39555.8
2024-05-15,39553,39943.3,39533,39870.7
2024-05-16,39883.3,40054,39839.3,39851.8
2024-05-17,39873.8,40013.1,39820.8,39986.7
2024-05-20,40023.5,40079.5,39782.9,39807.4
2024-05-21,39817.4,39904.2,39777.9,39868.1
2024-05-22,39879.6,39910.6,39552.4,39598.2
2024-05-23,39616.2,39785.8,39020.6,39046.8
2024-05-24,39065.8,39223.5,39012.7,39056.8
2024-05-27,39064.8,39124.3,39002.3,39076.7
2024-05-28,39121.5,39126.9,38697.3,38828.5
2024-05-29,38824.7,38825.2,38110.6,38130.3
2024-05-30,38167.5,38202.1,38009.4,38079.2
2024-05-31,38088,38753,38026.4,38713.3
2024-06-03,38739.5,38818.9,38241.2,38563.6
2024-06-04,38573.1,38789.3,38336.6,38717
2024-06-05,38729.3,38850.4,38550.2,38792.4
2024-06-06,38791.7,39008,38727.7,38887.4
2024-06-07,38894.7,39114.1,38648.4,38791.2
2024-06-10,38779,38880.7,38660.1,38837.2
2024-06-11,38843.8,38877.1,38426.1,38719.8
2024-06-12,38727.3,39149.8,38614.3,38707.9
2024-06-13,38689.4,38727.3,38400.4,38609.4
2024-06-14,38593.1,38648.6,38280.6,38531.7
2024-06-17,38561.4,38846.6,38424.4,38796.7
2024-06-18,38802.7,38945.9,38728.4,38842.6
2024-06-19,38828.1,38859.1,38758.2,38781.2
2024-06-20,38797.4,39243,38753.4,39116.7
2024-06-21,39144.5,39263.7,39056.4,39166.8
2024-06-24,39180.3,39586,39051.5,39426.8
2024-06-25,39450,39513.9,38991.3,39092.1
2024-06-26,39070.1,39188.9,38910.6,39086.4
2024-06-27,39087.9,39251,39002.4,39131.8
2024-06-28,39115.2,39447.4,38928.9,39166.7
2024-07-01,39146,39453.2,39032.8,39141.2
2024-07-02,39152.1,39340.7,38998.3,39300.7
2024-07-03,39302.2,39422.4,39227,39276.8
2024-07-04,39308.9,39439.4,39281.5,39344.2
2024-07-05,39337.9,39401.9,39160.4,39332.4
2024-07-08,39324.4,39677.1,39271.4,39348.6
2024-07-09,39345.9,39506.6,39140.9,39276.7
2024-07-10,39271.8,39743.5,39250.8,39687.2
2024-07-11,39695.5,39872.6,39622.2,39779.7
2024-07-12,39803.2,40259.1,39718.3,40007.4
2024-07-15,40044,40355.4,40030.5,40235.3
2024-07-16,40262.3,40987.9,40160.8,40943.8
2024-07-17,40965.8,41242.2,40791.8,41237.3
2024-07-18,41245.5,41380.9,40592.1,40666.8
2024-07-19,40676.3,40713.3,40202,40278.8
2024-07-22,40325.3,40481,40220.2,40406.4
2024-07-23,40424.6,40526.6,40299.4,40324.7
2024-07-24,40260.9,40306.5,39802.3,39936.1
2024-07-25,39954.3,40442.5,39816.4,39991.2
2024-07-26,40016.8,40767.9,39993.3,40607.4
2024-07-29,40660.8,40822,40388.5,40536.6
2024-07-30,40555.7,40872.8,40428.7,40549.4
2024-07-31,40558.4,41206.8,40536.9,40859.2
2024-08-01,40875.1,41089.7,40092.1,40228
2024-08-02,40265,40275,39351.8,39592.1
2024-08-05,39442.9,39587.9,38394,38867.6
2024-08-06,38888,39457,38629.1,38897.1
2024-08-07,38891.1,39482.3,38615.1,38642
2024-08-08,38713.9,39518.9,38553.9,39465.6
2024-08-09,39452.3,39640,39228.1,39471.4
2024-08-12,39492.4,39611.1,39239.1,39363.9
2024-08-13,39387.5,39800.3,39227,39743.1
2024-08-14,39760.8,40073.7,39674.7,40048.5
2024-08-15,40038.6,40596.8,39991.1,40554.9
2024-08-16,40556,40730,40415.5,40668.3
2024-08-19,40674.8,40911.5,40604.8,40852.5
2024-08-20,40888.6,40957.2,40751.5,40836.9
2024-08-21,40837,40983.2,40738.7,40890.9
2024-08-22,40898.5,41029,40574,40728.8
2024-08-23,40736.9,41212.8,40731.9,41166.5
2024-08-26,41172.6,41427.7,41135.1,41191.9
2024-08-27,41197,41296,41089.5,41247.5
2024-08-28,41266.5,41363.5,40832.2,41146.4
2024-08-29,41157.2,41586.5,41055.7,41358
2024-08-30,41366.7,41585.2,41139.1,41534.8
2024-09-02,41527.3,41549.8,41406.3,41516.7
2024-09-03,41532.3,41555.3,40775.5,40935.9
2024-09-04,40931.5,41174.3,40766.6,40937.2
2024-09-05,40938.7,41088.3,40510.9,40783.3
2024-09-06,40801.9,41014.7,40200,40251.5
2024-09-09,40286,41003.6,40273,40828.7
2024-09-10,40842.5,40933.3,40408.7,40738.8
2024-09-11,40737.6,40903.6,39988,40824.8
2024-09-12,40844.1,41113.8,40657.3,41071.8
2024-09-13,41092.6,41542.7,41089.3,41369
2024-09-16,41375.6,41742.9,41357.9,41591.2
2024-09-17,41611.5,41835.8,41458.1,41616.9
2024-09-18,41625.8,41998.1,41441,41554.7
2024-09-19,41575.3,42169,41560.8,42049
2024-09-20,42054.9,42146.5,41858.9,42041.7
2024-09-23,42066.5,42170.5,41931.5,42108.9
2024-09-24,42104.9,42287.9,42039.3,42182.8
2024-09-25,42167.5,42307.5,41837.3,41887.8
2024-09-26,41886.8,42223.3,41867.6,42167.7
2024-09-27,42186,42636.2,42133,42253.7
2024-09-30,42256,42359.3,41912.5,42265.3
2024-10-01,42279.6,42340.9,41935.7,42120.7
2024-10-02,42135.8,42279.1,41983.1,42231.8
2024-10-03,42241,42269.5,41837.5,41973.3
2024-10-04,41981.5,42354.2,41948.6,42314.4
2024-10-07,42352.8,42397.8,41820.2,41956.5
2024-10-08,41980.5,42130.5,41801,42064.1
2024-10-09,42084,42573.5,41964.8,42504.4
2024-10-10,42511.5,42555.4,42300,42462.1
2024-10-11,42477,42910.5,42398.5,42832.5
2024-10-14,42851,43149.5,42718,43141.3
2024-10-15,43132.5,43175.1,42697.2,42725.9
2024-10-16,42754.9,43106.7,42674.7,43071.1
2024-10-17,43076.6,43293.1,42997.6,43223.6
2024-10-18,43236.9,43331.9,43037.9,43276.3
2024-10-21,43298.6,43328.8,42865.7,42939.9
2024-10-22,42951.2,43049.4,42711.4,42740.2
2024-10-23,42791.4,42836,42288.4,42453.8
2024-10-24,42454.4,42528.6,42192.1,42389.1
2024-10-25,42400.6,42608.8,42045,42079.7
2024-10-28,42227.8,42487.5,42199.8,42421.2
2024-10-29,42418,42499.4,42168.4,42303.6
2024-10-30,42301,42468.4,42103.2,42151.9
2024-10-31,42131.2,42170.5,41698.3,41770.8
2024-11-01,41788.5,42343.5,41742.5,42050.9
2024-11-04,41975,42133.3,41647.8,41835.9
2024-11-05,41861.4,42321.4,41778.4,42310.7
2024-11-06,42298.6,43826.8,42281.6,43818.8
2024-11-07,43807.3,43883.5,43670.5,43786.3
2024-11-08,43808.4,44162.5,43719.4,43996.4
2024-11-11,44046,44495.9,44007,44268.1
2024-11-12,44277.1,44419.6,43903.6,43935.8
2024-11-13,43946,44148.5,43767,44002.9
2024-11-14,44003.3,44117.5,43669.9,43737
2024-11-15,43764.1,43770.1,43343,43425.6
2024-11-18,43414.8,43504.3,43248.8,43368.1
2024-11-19,43372.1,43479.6,42853.6,43255.3
2024-11-20,43267,43454.2,43047.7,43417.9
2024-11-21,43436.8,44015.5,43251.5,43848.4
2024-11-22,43857.3,44342,43706.5,44328.6
2024-11-25,44467.9,44811.4,44454.9,44745.2
2024-11-26,44764.1,44894.8,44429.8,44855.2
2024-11-27,44861,45016.3,44686.3,44734.1
2024-11-28,44739.3,44863.3,44713.3,44847.3
2024-11-29,44843.1,45082.4,44765.4,44891.3
2024-12-02,44947.1,45023.1,44706.1,44763.3
2024-12-03,44776.4,44878.4,44572.4,44766.1
2024-12-04,44797.9,45073.4,44770.4,44991.5
2024-12-05,44992.7,45058.2,44716.7,44763.7
2024-12-06,44755.7,44907,44585,44602.8
2024-12-09,44602,44725.5,44360.1,44360.1
2024-12-10,44393.4,44472.1,44182.1,44280.7
2024-12-11,44299.6,44367.1,44104.8,44104.8
2024-12-12,44117.3,44204.7,43873.9,43909.7
2024-12-13,43879.9,44044.4,43756.4,43786.3
2024-12-16,43814.6,43945.3,43674.3,43688.4
2024-12-17,43692.2,43732.8,43324.6,43421.1
2024-12-18,43456.3,43682.8,42109.3,42288.8
2024-12-19,42336.9,42749.1,42272.4,42342.1
2024-12-20,42374.4,43194.5,42028,42806.6
2024-12-23,42925.4,43021.9,42470.9,42870.5
2024-12-24,42894.4,43227.1,42810.6,43207.1
2024-12-26,43198.2,43330.1,43014.1,43264.4
2024-12-27,43278.8,43316.8,42685.3,42959
2024-12-30,42963.3,42989.8,42202.6,42546.2
2024-12-31,42544.6,42731.8,42354.3,42498
2025-01-02,42511.5,42889.9,42106.9,42354.4
2025-01-03,42353.2,42740.4,42309.3,42645.3
2025-01-06,42705.5,43087.7,42565.2,42705.1
2025-01-07,42715.6,42917.2,42358.2,42484.5
2025-01-08,42499.7,42658.8,42311.3,42592.8
2025-01-09,42613.2,42643.2,42462.7,42566.6
2025-01-10,42557.6,42652.6,41838.1,41958.7
2025-01-13,41941.1,42330.1,41734.5,42317.9
2025-01-14,42358.6,42589.1,42138.1,42574.5
2025-01-15,42573.6,43339.5,42524,43249.4
2025-01-16,43253,43341,43057,43099.5
2025-01-17,43104.1,43658.3,43087.6,43463.4
2025-01-20,43479,43796.6,43430.1,43697
2025-01-21,43733.8,44065.4,43287.4,44037.3
2025-01-22,44020.9,44204.4,43986.9,44137.9
2025-01-23,44157.1,44551.6,44106.1,44520.9
2025-01-24,44519.9,44579.3,44329.9,44385.7
2025-01-27,44254.9,44743.9,43821.4,44700.4
2025-01-28,44707.1,44976.1,44559.1,44826.7
2025-01-29,44827.4,44957.4,44567.9,44764.1
2025-01-30,44728.5,45017.4,44611,44883.6
2025-01-31,44958.2,45064.2,44495.2,44533.8
2025-02-03,44207.7,44671.5,43808.7,44600.6
2025-02-04,44669.5,44685.5,44211,44523.8
2025-02-05,44526.5,44922.5,44335.5,44909.9
2025-02-06,44907.1,45051.1,44533.6,44666.7
2025-02-07,44657.1,44849,44274.5,44289
2025-02-10,44149.6,44617.6,44149.6,44461.1
2025-02-11,44458.5,44634.5,44281.5,44584.5
2025-02-12,44593,44624.5,44079.5,44387.7
2025-02-13,44403,44770.5,44254.5,44685.7
2025-02-14,44712.5,44761.5,44473.5,44508.1
2025-02-17,44530.9,44664.2,44481.4,44661.5
2025-02-18,44602.9,44640.4,44296.4,44525.9
2025-02-19,44534.4,44618.4,44291.4,44552.3
2025-02-20,44545.3,44581.8,43931.8,44149.4
2025-02-21,44164.2,44247.5,43335,43393.4
2025-02-24,43454.9,43746.4,43341.4,43489.2
2025-02-25,43510.4,43767.9,43271.4,43661.6
2025-02-26,43681.2,43863.7,43260.2,43424.4
2025-02-27,43388.2,43887.3,43194.4,43226.8
2025-02-28,43267.9,43862.4,43084.9,43750.9
2025-03-03,43786.7,44036.6,42905.1,43236.2
2025-03-04,43269.5,43286,42344.1,42745.8
2025-03-05,42774.1,43125.7,42403.2,42975.1
2025-03-06,42995.1,43029.1,42361.1,42594.2
2025-03-07,42603,42895.5,42159.5,42731.1
2025-03-10,42545.1,42648.9,41603.4,41932.6
2025-03-11,41914.4,42068.1,41162.6,41420
2025-03-12,41432.5,41971.5,40995.5,41293.2
2025-03-13,41281.9,41440.1,40650.1,40841.2
2025-03-14,40881,41517.2,40859,41404.3
2025-03-17,41383.9,42004.9,41212.9,41839.5
2025-03-18,41857.9,41887.5,41393.5,41559.2
2025-03-19,41552,42185.7,41494.6,41966.3
2025-03-20,41987.3,42250,41676.5,41968.6
2025-03-21,41939.6,42009.4,41418.9,41990.3
2025-03-24,42164.9,42641.2,42136.7,42560.2
2025-03-25,42564.7,42698.7,42440.7,42594.2
2025-03-26,42609.7,42822,42316,42399.1
2025-03-27,42307,42558.2,42145.7,42299.7
2025-03-28,42291.7,42367.1,41412.2,41412.5
2025-03-31,41324.3,42134.6,41136.3,41926.7
2025-04-01,41936.3,42131.8,41493.8,41937.8
2025-04-02,41952.6,42560.1,41605.1,41735.7
2025-04-03,41548.3,41553.3,40390.1,40412.7
2025-04-04,40447.3,40498.3,38088.5,38213.8
2025-04-07,37249.3,39216,36498.8,38235.5
2025-04-08,38283.8,39438.1,37100.9,37536.6
2025-04-09,37567.1,40800.7,36691.6,40774.7
2025-04-10,40718.8,40917.8,38416.5,39574.2
2025-04-11,39577.9,40411,39009.4,40237.5
2025-04-14,40505.6,40782.9,39820.5,40470.6
2025-04-15,40463.1,40803.1,40320.1,40342.8
2025-04-16,40255.7,40520.8,39392.8,39634.2
2025-04-17,39712.5,40124,38959,39214.3
2025-04-21,39038.8,39067.3,37816.6,38119.6
2025-04-22,38141.3,39278,38070.3,39195
2025-04-23,39625.3,40377,39480.9,39601.6
2025-04-24,39610.8,40232.2,39237.7,40082.6
2025-04-25,40110.5,40215.8,39714.8,40127.8
2025-04-28,40056.8,40420.7,39870.9,40197.3
2025-04-29,40190.3,40629.9,40151.9,40586
2025-04-30,40580.8,40799.4,39731.3,40706.1
2025-05-01,40732.4,41096.6,40608.2,40685.1
2025-05-02,40705.7,41387.7,40658.2,41325.1
2025-05-05,41276.3,41448.8,40996.8,41225.6
2025-05-06,41212.3,41251.8,40667.7,40736.1
2025-05-07,40735.3,41281.7,40733.8,41082.9
2025-05-08,41062.8,41775.1,41025.3,41355.6
2025-05-09,41393.1,41525.1,41143,41291
2025-05-12,41756.5,42470.1,41594.6,42433.9
2025-05-13,42440.8,42445.8,42111.4,42149.3
2025-05-14,42164,42257,41942.5,42015
2025-05-15,42014.5,42347.2,41757.5,42309.9
2025-05-16,42342.8,42666.4,42230.3,42435
2025-05-19,42353,42841,42236.5,42790.5
2025-05-20,42790.2,42874.2,42478.4,42647.4
2025-05-21,42639.4,42654.4,41765.2,41792.6
2025-05-22,41793.3,42091.7,41613.8,41911.4
2025-05-23,41924,41961.5,41170,41591
2025-05-26,41582.8,42096.8,41570.3,42065
2025-05-27,42043.8,42401.1,41875.5,42399.9
2025-05-28,42396.8,42446.9,42040.6,42131.9
2025-05-29,42108.6,42716.1,41817.2,42156.4
2025-05-30,42160.6,42376.2,41898.1,42200.6
2025-06-02,42127.9,42350,41840.5,42311.1
2025-06-03,42300.8,42570.7,42048.6,42527.4
2025-06-04,42526,42651,42390.6,42399.7
2025-06-05,42402.4,42670,42205.3,42344.8
2025-06-06,42297.4,42930,42297.4,42781.3
2025-06-09,42823.7,42896.6,42558.8,42765.7
2025-06-10,42776.2,42926.9,42637.3,42837.6
2025-06-11,42835.1,43118.5,42718.2,42859.4
2025-06-12,42837.7,42968.9,42557.9,42909.1
2025-06-13,42925,42925,42075.9,42142.3
2025-06-16,42001.2,42711.5,41979.8,42528.9
2025-06-17,42537,42553.7,42125.8,42210.8
2025-06-18,42206.9,42511.4,42072.1,42179.1
2025-06-19,42182.1,42189.2,41743.9,41867.2
2025-06-20,41909.3,42430,41906.3,42252.3
2025-06-23,41866.9,42616.4,41847.5,42595.2
2025-06-24,42598.9,43183.1,42580.9,43072.1
2025-06-25,43082.8,43143.2,42849.8,42982.1
2025-06-26,42988.1,43441.8,42965.8,43414.4
2025-06-27,43413.1,43966.6,43413.1,43934.6
2025-06-30,43929.1,44134.2,43875.8,44039.7
2025-07-01,44044.6,44604.2,43985.8,44518.8
2025-07-02,44517.6,44658.8,44340,44475.5
2025-07-03,44484.9,44881.1,44456.4,44814
2025-07-04,44778.8,44793.7,44472.6,44518.7
2025-07-07,44688.8,44850.5,44154,44289.4
2025-07-08,44292.2,44443.3,44199.3,44234.6
2025-07-09,44238.2,44560.9,44155.6,44454
2025-07-10,44460.2,44783.4,44301.5,44600.1
2025-07-11,44602.6,44690.1,44268.1,44316.4
2025-07-14,44131.7,44470.7,44094,44439.2
2025-07-15,44439,44601.2,43955.3,43958.9
2025-07-16,43962.3,44257.3,43752.5,44193.2
2025-07-17,44191,44558.3,44135.3,44499.4
2025-07-18,44496.8,44653.9,44219.4,44316.8
2025-07-21,44313.1,44604.5,44288,44382.2
2025-07-22,44388.8,44541.5,44221.2,44532.9
2025-07-23,44534,45023.5,44515.3,44897.5
2025-07-24,44899,44929.8,44661.7,44740.4
2025-07-25,44739.3,44938.6,44643.4,44897.8
2025-07-28,45081.6,45131.2,44736.3,44826.6
2025-07-29,44825.6,44947.8,44564.4,44600
2025-07-30,44596.8,44744.5,44257.8,44492.3
2025-07-31,44493.4,44694.4,44045.8,44099.7
2025-08-01,44105.5,44178.3,43318.5,43576.1
2025-08-04,43573.1,44260.7,43505.1,44258.1
2025-08-05,44263.3,44308.5,43922.3,44140.7
2025-08-06,44140.4,44361.6,44012.8,44205.5
2025-08-07,44201.9,44501.3,43794,44002
2025-08-08,44009.7,44281.1,43976.1,44246.2
2025-08-11,44230.5,44314.9,43909.7,43968.8
2025-08-12,43971,44501.4,43934.9,44452.2
2025-08-13,44448.1,44970.6,44405.3,44913.9
2025-08-14,44918.2,45036.1,44676.4,45025.2
2025-08-15,44999.2,45288.5,44899.9,44925.8
2025-08-18,45003.6,45035.1,44818.5,44897.6
2025-08-19,44905.5,45205.8,44753.8,44948.5
2025-08-20,44950,45047.8,44755,44926.3
2025-08-21,44927.8,44946.6,44566,44802.2
2025-08-22,44804.8,45762,44674.4,45641.7
2025-08-25,45661.7,45661.7,45260,45315.1
2025-08-26,45317.4,45455,45109.3,45453
2025-08-27,45459.2,45622.9,45384,45581.5
2025-08-28,45576.7,45732.7,45437.4,45571.1
2025-08-29,45579.9,45621.3,45369.2,45554.8
2025-09-01,45572.8,45672.3,45450,45567.8
2025-09-02,45555.7,45567.4,44927.6,45252
2025-09-03,45257.3,45319.7,44976.5,45203.5
2025-09-04,45200.2,45641.5,45152.1,45626.3
2025-09-05,45627.3,45772.8,45208.6,45417.8
2025-09-08,45408.5,45544.3,45278.7,45539.7
2025-09-09,45537.1,45769.6,45431.2,45656.4
2025-09-10,45671.1,45801.6,45376,45481.6
2025-09-11,45476.8,46136,45474.8,46105
2025-09-12,46103,46189.2,45800.9,45818
2025-09-15,45826.1,45980.3,45769,45854.9
2025-09-16,45858.2,45965.7,45663.5,45784.8
2025-09-17,45788,46276.2,45680.5,46034.6
2025-09-18,46033.9,46365.5,45942.4,46206.7
2025-09-19,46204.5,46392.6,46050,46276.3
2025-09-22,46268.2,46445.7,46031.2,46370.2
2025-09-23,46374.2,46722,46216.5,46316.8
2025-09-24,46333.9,46459.1,46092.6,46165.9
2025-09-25,46170.4,46222.8,45783.2,45963.4
2025-09-26,45955.2,46358.6,45934.2,46250.3
2025-09-29,46273.4,46482.7,46142.4,46288
2025-09-30,46285.9,46424.1,46096.4,46306.9
2025-10-01,46310.3,46531,46050.9,46412.1
2025-10-02,46413.3,46592.6,46269.3,46523.3
2025-10-03,46532,47051.6,46501.6,46762.5
2025-10-06,46798,46896.5,46422.6,46705.4
2025-10-07,46702.4,46877.7,46446.6,46628.4
2025-10-08,46623.5,46832.3,46504.7,46618.5
2025-10-09,46621.2,46686,46262.8,46356.3
2025-10-10,46357.6,46645.2,45172,45252.3
2025-10-13,45802.2,46164.8,45762.1,46071.5
2025-10-14,46079.3,46520.6,45445.5,46256.1
2025-10-15,46253,46699.1,46021.3,46255.7
2025-10-16,46255.3,46485.3,45781.4,45910.3
2025-10-17,45904.6,46325.5,45414.4,46226.1
2025-10-20,46306.7,46756.9,46119.6,46756.9
2025-10-21,46756.9,47131.2,46616.1,46947.5
2025-10-22,46953,46999,46453.8,46529.2
2025-10-23,46530,46803.3,46415.2,46688.5
2025-10-24,46691.5,47322.9,46689.6,47206.2
2025-10-27,47519.1,47591.7,47370.1,47570
2025-10-28,47562.2,47939.9,47513.3,47710.1
2025-10-29,47713.4,48048.7,47448.1,47594.1
2025-10-30,47611.4,48021,47393.4,47572.3
2025-10-31,47579.5,47719.9,47342.9,47507.6
2025-11-03,47587.2,47721.6,47132.7,47314.3
2025-11-04,47317.3,47327.2,46843,47169.1
2025-11-05,47167.1,47456.6,46953.6,47336.9
2025-11-06,47349,47387.4,46786.1,46984.9
2025-11-07,46983.6,47059.1,46495.7,47047.8
2025-11-10,47177.3,47410.4,46941.6,47352.5
2025-11-11,47348.8,47973.9,47311.9,47930
2025-11-12,47928,48420.3,47910.4,48272.4
2025-11-13,48273.2,48402.2,47412.8,47477
2025-11-14,47479.4,47555,46852.1,47178.4
2025-11-17,47130.5,47287.1,46430.9,46609.4
2025-11-18,46605.6,46674.5,45913.4,46032.6
2025-11-19,46030,46305,45902.2,46146.2
2025-11-20,46151.8,46860.8,45697.6,45739.1
2025-11-21,45741,46581.2,45710.2,46286.1
2025-11-24,46471.5,46586.5,46096.4,46440.3
2025-11-25,46439.2,47182.3,46328.4,47129.8
2025-11-26,47120.6,47570.6,47112.3,47423
2025-11-27,47423.4,47459.2,47364.9,47427.6
2025-11-28,47413.9,47754.8,47413.5,47677.4
2025-12-01,47721.4,47742.4,47266.6,47272.1
2025-12-02,47272.4,47600.4,47202.9,47487.5
2025-12-03,47489.7,48001.6,47372.2,47964.5
2025-12-04,47963.3,48058.7,47690.7,47838.6
2025-12-05,47836.1,48129.6,47763.6,47934.2
2025-12-08,47972.5,48002.9,47611,47746.5
2025-12-09,47762.8,47951.7,47516.7,47523
2025-12-10,47529.7,48194.8,47453.4,48104.4
2025-12-11,48103.4,48775.7,47817.9,48762.7
2025-12-12,48759.4,48879.8,48331.8,48484.8
2025-12-15,48475.5,48714.8,48265.7,48439.8
2025-12-16,48436.8,48516,47918.9,48078.1
2025-12-17,48083.4,48388.5,47861.2,47915
2025-12-18,47915.2,48382.7,47802.2,47901.1
2025-12-19,47895.8,48297.1,47786.1,48147.6
2025-12-22,48230,48453.8,48121.9,48350
2025-12-23,48336.8,48523,48216.8,48405.1
2025-12-24,48403.4,48771.5,48373.6,48704.5
2025-12-26,48721.1,48770.4,48571,48699.1
2025-12-29,48701.3,48748.4,48387.4,48484.8
2025-12-30,48475.1,48501.4,48297.3,48392.9
2025-12-31,48391.7,48414.3,48037.6,48064.5
2026-01-02,48099.8,48403.7,47813.2,48353.1
2026-01-05,48382.2,49210.3,48314.9,48963
2026-01-06,48958.5,49509.8,48844.4,49487.5
2026-01-07,49487.3,49620.9,48935.9,48989.2
2026-01-08,48988.9,49364,48764,49334.1
2026-01-09,49336.2,49572.2,49184,49508.5
2026-01-12,49475.7,49631.2,48996.1,49539.3
2026-01-13,49544.1,49686,49058.8,49166.7
2026-01-14,49171.2,49189.4,48852,49088.1
2026-01-15,49074.2,49588.3,49044.6,49439.1
2026-01-16,49434.4,49607.2,49235.9,49354.9
2026-01-19,49057.8,49123.8,48855.1,48934.4
2026-01-20,48947,48987.8,48430.3,48545.5
2026-01-21,48547.7,49293.8,48312.6,49095
2026-01-22,49086.9,49609.3,49079.5,49318.5
2026-01-23,49321.7,49445.5,48959.5,49013.1
2026-01-26,48714,49487.6,48708.3,49220.4
2026-01-27,49218.6,49414.9,48857.1,48974.1
2026-01-28,48979.9,49140.2,48849.1,48976.5
2026-01-29,48970.5,49300.1,48589.9,48965.1
2026-01-30,48963,49040.1,48443.2,48847.5
2026-02-02,48786.4,49472.1,48380.9,49360.1
2026-02-03,49355.9,49641.7,48830.6,49256.3
2026-02-04,49251.9,49652.7,49110.6,49444.2
2026-02-05,49450.3,49590.7,48749.6,48785.2
2026-02-06,48756.1,50173.6,48617.2,50111.1
2026-02-09,50221.4,50249.2,49823.6,50099.7
2026-02-10,50102.8,50517,50017,50237.6
2026-02-11,50231.7,50493.9,49901.4,50120.3
2026-02-12,50116.8,50442.2,49400.7,49457.3
2026-02-13,49449.7,49749.9,49082.3,49438
2026-02-16,49532,49733.5,49423.4,49508.5
2026-02-17,49563.1,49717.2,49167.8,49552.4
2026-02-18,49542.4,49896.3,49424,49637
2026-02-19,49627.5,49719.6,49193.9,49356.3
2026-02-20,49348.8,49712.4,49148,49624.4
2026-02-23,49586.9,49713.5,48727,48826.9
2026-02-24,48828.2,49291.8,48753.8,49151.8
2026-02-25,49153.2,49533.9,49083.9,49451.8
2026-02-26,49447.6,49830.3,49233.3,49304.3
2026-02-27,49284.6,49363.7,48667.9,48844.7
2026-03-02,48518.2,49071.1,48122.7,48859.2
2026-03-03,48849.2,48868.6,47619.1,48429
2026-03-04,48423.6,48856.3,48209.1,48752.9
2026-03-05,48736.3,48831.6,47572.7,47897.5
2026-03-06,47890.3,48097.9,47002.4,47442.5
2026-03-09,46738.2,47876.1,46295.6,47682.4
2026-03-10,47673,48219.9,47432.6,47720.7
2026-03-11,47724.4,47932.3,47180.5,47342.2
2026-03-12,47344.7,47347.9,46652.6,46725.6
2026-03-13,46722.6,47126.3,46424.7,46467.6
2026-03-16,46447.6,47180.9,46417.1,46936.2
2026-03-17,46918.1,47425,46676.3,46996.7
2026-03-18,46995,47301.1,46046.6,46079.1
2026-03-19,46081.9,46303.4,45721.9,46095.4
2026-03-20,46087,46242.8,45365.3,45811.3
2026-03-23,45354,46915.9,45163.4,46214
2026-03-24,46225.6,46609.3,45761.6,46399.5
2026-03-25,46393.9,46746.3,46188.5,46413.9
2026-03-26,46407.1,46559.9,45895.8,46040
2026-03-27,46049.5,46245.4,45018.5,45058.7
2026-03-30,44939,45664.8,44810.1,45204.1
2026-03-31,45191,46395.8,45044,46312.9
2026-04-01,46309.1,46807.8,46271,46576.1
2026-04-02,46579.1,46752.1,45843.8,46514.4
2026-04-03,46503.7,46634.9,46352.9,46398.3
2026-04-06,46238.4,46823.1,46137,46775.8
2026-04-07,46773.2,46814.3,46209,46649.6
2026-04-08,46673.7,48028.8,46617.9,47871.6
2026-04-09,47872.4,48323.7,47675.9,48184
2026-04-10,48171.3,48287.2,47846.2,47962.1
2026-04-13,47455.3,48239.1,47322.3,48232.5
2026-04-14,48229,48590.3,48137.4,48566.2
2026-04-15,48560.5,48697.5,48279.5,48494.7
2026-04-16,48491.9,48671.9,48331.6,48620.8
2026-04-17,48615.3,49723.8,48609.3,49449.5
2026-04-20,49022.6,49532.7,48885.1,49491.3
2026-04-21,49492.1,49848.6,49040.4,49298.6
2026-04-22,49309.3,49628.1,49242.5,49305.9
2026-04-23,49312.3,49524.8,48857.8,49212.8
2026-04-24,49208.6,49436.6,49079.9,49252.1
2026-04-27,49177.5,49354.7,49027.9,49173.7
2026-04-28,49178.5,49385.1,49078.3,49194.8
2026-04-29,49194.3,49263.1,48645.9,48651.6
2026-04-30,48647,49782.5,48466.5,49761
2026-05-01,49714.4,49991.8,49430.5,49465.3
2026-05-04,49664.6,49676.7,48899.4,48958.9
2026-05-05,48959.1,49359.3,48943.7,49275.5
2026-05-06,49287.9,50010.2,49238,49892.2
2026-05-07,49900.4,50116.2,49482.6,49539.8
2026-05-08,49537.6,49865.7,49470.1,49639.8
2026-05-11,49510.5,49772.5,49371.3,49707.5
2026-05-12,49705.3,49826.5,49304.3,49770.5
2026-05-13,49767.5,49811.6,49442.6,49796.5
2026-05-14,49795.9,50201.7,49781.3,50040.7
2026-05-15,50026.1,50056.3,49353.8,49396.8
2026-05-18,49362.9,49762.2,49075.3,49650.1
2026-05-19,49655.3,49752.6,49238,49347.4
2026-05-20,49352.7,50071.6,49223.5,49949.9
2026-05-21,49951.9,50381.3,49693.4,50311
2026-05-22,50315,50832.9,50314.2,50541.3
2026-05-25,50791.8,51129.1,50787.3,51038.8
2026-05-26,51042,51044,50355.3,50443
2026-05-27,50441.9,50823.5,50428.5,50715.9
2026-05-28,50708.5,50785.7,50320.9,50680.8
2026-05-29,50679.4,51092.5,50639.2,51010.3
2026-06-01,51010.9,51336,50768.4,51052.3
2026-06-02,51041.5,51366.4,50788,51350.2
2026-06-03,51344.7,51357.5,50656.1,50677.3
2026-06-04,50672.8,51656.8,50583.6,51568.1
2026-06-05,51563.3,51741.2,50677.8,50747.9
2026-06-08,50713.3,51270.5,50565.8,50758.2
2026-06-09,50762,51249.2,50214.2,50806.9
2026-06-10,50785.6,50841.1,49818.1,49863.1
2026-06-11,49855.3,50967.3,49702.6,50864.4
2026-06-12,50866.2,51409.6,50804.6,51201.9
2026-06-15,51509,51943.4,51429.6,51691
2026-06-16,51692.9,52191.6,51646.5,51996.5
2026-06-17,51987.8,52270.7,51391.4,51602.9
2026-06-18,51601.8,51952.4,51549.3,51634.8
2026-06-19,51637.1,51656,51373.4,51437.9
2026-06-22,51412.3,51905.1,51301.8,51761.8
2026-06-23,51769.6,51876.8,51294,51720.4
2026-06-24,51716.6,52253.5,51535,51963.6
2026-06-25,51924,52664.5,51796.7,52020.2
2026-06-26,52008.9,52134.6,51597.7,51753.1
2026-06-29,51800.5,52308.7,51794.1,52148.7
2026-06-30,52150.5,52388.6,52000.8,52198.6
2026-07-01,52189.2,52740.4,52017,52249.1
2026-07-02,52250.1,52893.8,52224.6,52831.2
2026-07-03,52824.2,53063.3,52741.5,52832.2
2026-07-06,52896.1,53092.4,52636.5,53091.5
2026-07-07,53090.4,53334.5,52768.4,52892.6
2026-07-08,52896.9,52915.7,52067.8,52273.8
2026-07-09,52270.3,52575.1,52216.8,52426.2
2026-07-10,52432.1,52712.1,52239.5,52691.5
2026-07-13,52587.1,52844.1,52349,52464.6
2026-07-14,52464,52720,51999.6,52557.9
2026-07-15,52562,52844.1,52428.3,52643.8
2026-07-16,52634.5,52857.6,52366.8,52499.2
2026-07-17,52492.1,52613,51949.6,52148.5
2026-07-20,52083.9,52414.4,51781.9,51885.9
2026-07-21,51872.3,52369.9,51817.5,52198
2026-07-22,52190.2,52503.9,52050.9,52273.8
2026-07-23,52279.1,52312.7,51539,51720.3
2026-07-24,51716.8,52117.6,51668,51902.7
2026-07-27,52245.2,52604.8,51989.7,52233.5
2026-07-28,52233.5,52908.5,52101.4,52714.5
2026-07-29,52711.9,52843.3,51485.3,51584.9
2026-07-30,51574,52333,51517.4,52270.2
2026-07-31,52267.4,52631.8,51994,52371.4
2026-08-03,52699.9,53263,52634.6,53242.2
2026-08-04,53247.8,54272.3,53172.2,54218.8
2026-08-05,54212.6,54736.3,54197.3,54407.2
2026-08-06,54425.5,54541.7,53815.4,53850.2
2026-08-07,53842.1,54086.9,53766.8,54012.9
2026-08-10,53960,54061.7,53849.7,53950.3
2026-08-11,53945.5,54236.3,53752,53789.4
2026-08-12,53795.2,53984.9,53735.3,53762.7
2026-08-13,53750.3,54048.3,53621.3,53858.5
2026-08-14,53856.7,53915.1,53670.5,53705.4
2026-08-17,53715.6,53760.8,53401,53436.7
2026-08-18,53440.6,53522.2,53250.2,53339.3
2026-08-19,53341.9,53711.1,53276.4,53452.7
2026-08-20,53447,53520.1,52736.4,52781.4
2026-08-21,52777.7,53349.1,52775.5,53258.6